Workbook

Sheet Dashboard
A1: 🏆 Rahul — Warrior Physique Tracker
A2: 16-Week V-Taper + Combat Program | Start Date: Fill in | Target: 68–70 kg @ 13–15% BF
A5: Current Weight (kg) | C5: Body Fat % | E5: Lean Mass (kg) | G5: Fat Mass (kg) | I5: Visceral Fat | K5: Waist (cm)
A6: {=IF(COUNTA('Body Measurements'!B:B)>1,INDEX('Body Measurements'!B:B,COUNTA('Body Measurements'!B:B)),"—")} -> 0 | C6: {=IF(COUNTA('Body Measurements'!D:D)>1,INDEX('Body Measurements'!D:D,COUNTA('Body Measurements'!D:D)),"—")} -> 0 | E6: {=IF(COUNTA('Body Measurements'!F:F)>1,INDEX('Body Measurements'!F:F,COUNTA('Body Measurements'!F:F)),"—")} -> 0 | G6: {=IF(COUNTA('Body Measurements'!E:E)>1,INDEX('Body Measurements'!E:E,COUNTA('Body Measurements'!E:E)),"—")} -> 0 | I6: {=IF(COUNTA('Body Measurements'!G:G)>1,INDEX('Body Measurements'!G:G,COUNTA('Body Measurements'!G:G)),"—")} -> 0 | K6: {=IF(COUNTA('Body Measurements'!J:J)>1,INDEX('Body Measurements'!J:J,COUNTA('Body Measurements'!J:J)),"—")} -> 0
A9: STARTING STATS (Week 0 Baseline)
A10: Weight | C10: Height | E10: Age | G10: BMI | I10: Body Fat | K10: Lean Mass
A11: 77.8 kg | C11: 178 cm | E11: 35 yrs | G11: 24.6 | I11: 23.7% | K11: 59.4 kg
A12: Fat Mass | C12: Muscle Mass | E12: Visceral Fat | G12: BMR | I12: Waist | K12: Chest
A13: 18.4 kg | C13: 55.6 kg | E13: 8.8 | G13: ~1780 kcal | I13: 92.5 cm | K13: 101 cm
A15: TARGET GOALS
A16: Target Weight | C16: Target BF% | E16: Target Waist | G16: Target Shoulders | I16: Visceral Fat Target | K16: Program Duration
A17: 68–72 kg | C17: 13–15% | E17: 80–82 cm | G17: 116+ cm | I17: < 5.0 | K17: 16 weeks
A20: PHASE GUIDE
A21: Phase 1 | C21: Weeks 1–4 | E21: Foundation + Fat Attack | I21: 1900 kcal · 175g protein · Learn all movements
A22: Phase 2 | C22: Weeks 5–8 | E22: Hypertrophy + Combat Skill | I22: 1800 kcal · 180g protein · Supersets + bag combos
A23: Phase 3 | C23: Weeks 9–12 | E23: Strength + Power | I23: 1750 kcal · 185g protein · Explosive kicks + drops
A24: Phase 4 | C24: Weeks 13–16 | E24: Warrior Peak | I24: 1850 kcal · 180g protein · Max intensity + maintenance
A26: HOW TO USE THIS WORKBOOK
A27: 1. Body Measurements → Fill in every SUNDAY morning, fasted, same time each week
A28: 2. Nutrition Log → Fill in DAILY before bed. Be honest — this is your most important data.
A29: 3. Workout Log sheets (Push/Pull/Legs/Combat) → Fill in during or immediately after each session
A30: 4. Dashboard → Auto-updates from other sheets. Review weekly with your trainer (Claude)
A31: 5. Share this file link with me anytime and I will analyze your progress and adjust the program

Sheet Body Measurements
A1: 📏 Body Measurements — Weekly Tracker
A2: Weigh yourself SUNDAY morning, fasted, before eating. Same time every week.
A5: Week # | B5: Date | C5: Weight (kg) | D5: Body Fat (%) | E5: Fat Mass (kg) | F5: Lean Mass (kg) | G5: Visceral Fat | H5: Muscle Mass (kg) | I5: Subcutaneous Fat % | J5: Body Water (%) | K5: BMI | L5: Neck (cm) | M5: Shoulders (cm) | N5: Chest (cm) | O5: Waist (cm) | P5: Waist@Naval (cm) | Q5: Hips (cm) | R5: Thighs (cm) | S5: Bicep (cm) | T5: Forearm (cm) | U5: Calves (cm) | V5: Notes
A6: 0 (Baseline) | B6: Before start | C6: 77.8 | D6: 23.7 | E6: 18.4 | F6: 59.4 | G6: 8.8 | H6: 55.6 | I6: 15.9 | J6: 52.1 | K6: 24.6 | L6: 38 | M6: 112 | N6: 101 | O6: 96 | P6: 92 | Q6: 99.5 | R6: 61 | S6: 34 | T6: 26 | U6: 34.3 | V6: Starting baseline
A7: 1 | B7: 46118 | C7: 77.9 | L7: 38.5 | M7: 120 | N7: 99 | O7: 95 | P7: 92 | Q7: 101 | R7: 61 | S7: 36.5 | T7: 27.5 | U7: 35.5 | V7: Needs to start check workout
A8: 2
A9: 3
A10: 4
A11: 5
A12: 6
A13: 7
A14: 8
A15: 9
A16: 10
A17: 11
A18: 12
A19: 13
... A22: 16
A23: CHANGE vs BASELINE
C24: =IF(ISNUMBER(C22),C22-C6,"—") -> — | D24: =IF(ISNUMBER(D22),D22-D6,"—") -> — | E24: =IF(ISNUMBER(E22),E22-E6,"—") -> — | F24: =IF(ISNUMBER(F22),F22-F6,"—") -> — | G24: =IF(ISNUMBER(G22),G22-G6,"—") -> — | H24: =IF(ISNUMBER(H22),H22-H6,"—") -> — | I24: =IF(ISNUMBER(I22),I22-I6,"—") -> — | J24: =IF(ISNUMBER(J22),J22-J6,"—") -> — | ... U24: =IF(ISNUMBER(U22),U22-U6,"—") -> —

Sheet Exercise Plan
A1: 💪 Push Day — Session Log
A2: Fill in: Date · Week · Phase · then each exercise. Log every set as you do it.
A3: Date: | C3: Week #: | E3: Phase (1–4): | G3: Day (A or B): | H3: Monday | I3: Session #: | J3: 1 | K3: Duration (min): | M3: Energy 1–10: | O3: Notes:
A4: Push A - Chest, Shoulders, Triceps | B4: Notes / Cues | C4: Set 1 Weight (kg) | D4: Set 1 Reps | E4: Set 1 1RM | F4: Set 2 Weight (kg) | G4: Set 2 Reps | H4: Set 2 1RM | I4: Set 3 Weight (kg) | J4: Set 3 Reps | K4: Set 3 1RM | L4: Set 4 Weight (kg) | M4: Set 4 Reps | N4: Set 4 1RM | O4: Set 5 Weight (kg) | P4: Set 5 Reps | Q4: Set 5 1RM | R4: Best 1RM Today | S4: Default Sets | T4: Default Reps
A5: Arm circles + shoulder rolls | B5: 60 sec each direction | E5: =IF(AND(ISNUMBER(C5),ISNUMBER(D5)),ROUND(C5*(1+D5/30),1),"—") -> — | H5: =IF(AND(ISNUMBER(F5),ISNUMBER(G5)),ROUND(F5*(1+G5/30),1),"—") -> — | K5: =IF(AND(ISNUMBER(I5),ISNUMBER(J5)),ROUND(I5*(1+J5/30),1),"—") -> — | N5: =IF(AND(ISNUMBER(L5),ISNUMBER(M5)),ROUND(L5*(1+M5/30),1),"—") -> — | Q5: =IF(AND(ISNUMBER(O5),ISNUMBER(P5)),ROUND(O5*(1+P5/30),1),"—") -> — | R5: =IFERROR(MAX(IFERROR(VALUE(E5),0),IFERROR(VALUE(H5),0),IFERROR(VALUE(K5),0),IFERROR(VALUE(N5),0),IFERROR(VALUE(Q5),0)),"—") -> 0
A6: Band pull-apart | B6: 2x15 reps | E6: =IF(AND(ISNUMBER(C6),ISNUMBER(D6)),ROUND(C6*(1+D6/30),1),"—") -> — | H6: =IF(AND(ISNUMBER(F6),ISNUMBER(G6)),ROUND(F6*(1+G6/30),1),"—") -> — | K6: =IF(AND(ISNUMBER(I6),ISNUMBER(J6)),ROUND(I6*(1+J6/30),1),"—") -> — | N6: =IF(AND(ISNUMBER(L6),ISNUMBER(M6)),ROUND(L6*(1+M6/30),1),"—") -> — | Q6: =IF(AND(ISNUMBER(O6),ISNUMBER(P6)),ROUND(O6*(1+P6/30),1),"—") -> — | R6: =IFERROR(MAX(IFERROR(VALUE(E6),0),IFERROR(VALUE(H6),0),IFERROR(VALUE(K6),0),IFERROR(VALUE(N6),0),IFERROR(VALUE(Q6),0)),"—") -> 0
A7: Incline Push-ups | B7: slow 2x10 reps | E7: =IF(AND(ISNUMBER(C7),ISNUMBER(D7)),ROUND(C7*(1+D7/30),1),"—") -> — | H7: =IF(AND(ISNUMBER(F7),ISNUMBER(G7)),ROUND(F7*(1+G7/30),1),"—") -> — | K7: =IF(AND(ISNUMBER(I7),ISNUMBER(J7)),ROUND(I7*(1+J7/30),1),"—") -> — | N7: =IF(AND(ISNUMBER(L7),ISNUMBER(M7)),ROUND(L7*(1+M7/30),1),"—") -> — | Q7: =IF(AND(ISNUMBER(O7),ISNUMBER(P7)),ROUND(O7*(1+P7/30),1),"—") -> — | R7: =IFERROR(MAX(IFERROR(VALUE(E7),0),IFERROR(VALUE(H7),0),IFERROR(VALUE(K7),0),IFERROR(VALUE(N7),0),IFERROR(VALUE(Q7),0)),"—") -> 0
A8: Light Dumbell Lateral Raise | B8: 1x15 reps | C8: 2.5 | D8: 16 | E8: =IF(AND(ISNUMBER(C8),ISNUMBER(D8)),ROUND(C8*(1+D8/30),1),"—") -> 3.8 | H8: =IF(AND(ISNUMBER(F8),ISNUMBER(G8)),ROUND(F8*(1+G8/30),1),"—") -> — | K8: =IF(AND(ISNUMBER(I8),ISNUMBER(J8)),ROUND(I8*(1+J8/30),1),"—") -> — | N8: =IF(AND(ISNUMBER(L8),ISNUMBER(M8)),ROUND(L8*(1+M8/30),1),"—") -> — | Q8: =IF(AND(ISNUMBER(O8),ISNUMBER(P8)),ROUND(O8*(1+P8/30),1),"—") -> — | R8: =IFERROR(MAX(IFERROR(VALUE(E8),0),IFERROR(VALUE(H8),0),IFERROR(VALUE(K8),0),IFERROR(VALUE(N8),0),IFERROR(VALUE(Q8),0)),"—") -> 3.8
A9: Dumbbell flat bench press | B9: Bench. Full ROM, elbows 45°. Primary chest builder. | C9: 7.5 | D9: 15 | E9: =IF(AND(ISNUMBER(C9),ISNUMBER(D9)),ROUND(C9*(1+D9/30),1),"—") -> 11.3 | F9: 7.5 | G9: 16 | H9: =IF(AND(ISNUMBER(F9),ISNUMBER(G9)),ROUND(F9*(1+G9/30),1),"—") -> 11.5 | I9: 7.5 | J9: 20 | K9: =IF(AND(ISNUMBER(I9),ISNUMBER(J9)),ROUND(I9*(1+J9/30),1),"—") -> 12.5 | N9: =IF(AND(ISNUMBER(L9),ISNUMBER(M9)),ROUND(L9*(1+M9/30),1),"—") -> — | Q9: =IF(AND(ISNUMBER(O9),ISNUMBER(P9)),ROUND(O9*(1+P9/30),1),"—") -> — | R9: =IFERROR(MAX(IFERROR(VALUE(E9),0),IFERROR(VALUE(H9),0),IFERROR(VALUE(K9),0),IFERROR(VALUE(N9),0),IFERROR(VALUE(Q9),0)),"—") -> 12.5 | S9: 3 | T9: 12–15
A10: Dumbbell incline press | B10: 45° bench angle. Hits upper chest for V-taper. | C10: 7.5 | D10: 20 | E10: =IF(AND(ISNUMBER(C10),ISNUMBER(D10)),ROUND(C10*(1+D10/30),1),"—") -> 12.5 | F10: 7.5 | G10: 20 | H10: =IF(AND(ISNUMBER(F10),ISNUMBER(G10)),ROUND(F10*(1+G10/30),1),"—") -> 12.5 | I10: 7.5 | J10: 15 | K10: =IF(AND(ISNUMBER(I10),ISNUMBER(J10)),ROUND(I10*(1+J10/30),1),"—") -> 11.3 | N10: =IF(AND(ISNUMBER(L10),ISNUMBER(M10)),ROUND(L10*(1+M10/30),1),"—") -> — | Q10: =IF(AND(ISNUMBER(O10),ISNUMBER(P10)),ROUND(O10*(1+P10/30),1),"—") -> — | R10: =IFERROR(MAX(IFERROR(VALUE(E10),0),IFERROR(VALUE(H10),0),IFERROR(VALUE(K10),0),IFERROR(VALUE(N10),0),IFERROR(VALUE(Q10),0)),"—") -> 12.5 | S10: 3 | T10: 15
A11: Dumbbell lateral raise | B11: Slow eccentric 3 sec. KEY for shoulder width. | C11: 5 | D11: 15 | E11: =IF(AND(ISNUMBER(C11),ISNUMBER(D11)),ROUND(C11*(1+D11/30),1),"—") -> 7.5 | F11: 7.5 | G11: 10 | H11: =IF(AND(ISNUMBER(F11),ISNUMBER(G11)),ROUND(F11*(1+G11/30),1),"—") -> 10 | I11: 7.5 | J11: 10 | K11: =IF(AND(ISNUMBER(I11),ISNUMBER(J11)),ROUND(I11*(1+J11/30),1),"—") -> 10 | N11: =IF(AND(ISNUMBER(L11),ISNUMBER(M11)),ROUND(L11*(1+M11/30),1),"—") -> — | Q11: =IF(AND(ISNUMBER(O11),ISNUMBER(P11)),ROUND(O11*(1+P11/30),1),"—") -> — | R11: =IFERROR(MAX(IFERROR(VALUE(E11),0),IFERROR(VALUE(H11),0),IFERROR(VALUE(K11),0),IFERROR(VALUE(N11),0),IFERROR(VALUE(Q11),0)),"—") -> 10 | S11: 3 | T11: 12–15
A12: Standing dumbbell OHP | B12: Core braced. Don't flare elbows excessively. | C12: 7.5 | D12: 10 | E12: =IF(AND(ISNUMBER(C12),ISNUMBER(D12)),ROUND(C12*(1+D12/30),1),"—") -> 10 | F12: 10 | G12: 10 | H12: =IF(AND(ISNUMBER(F12),ISNUMBER(G12)),ROUND(F12*(1+G12/30),1),"—") -> 13.3 | I12: 15 | J12: 7 | K12: =IF(AND(ISNUMBER(I12),ISNUMBER(J12)),ROUND(I12*(1+J12/30),1),"—") -> 18.5 | N12: =IF(AND(ISNUMBER(L12),ISNUMBER(M12)),ROUND(L12*(1+M12/30),1),"—") -> — | Q12: =IF(AND(ISNUMBER(O12),ISNUMBER(P12)),ROUND(O12*(1+P12/30),1),"—") -> — | R12: =IFERROR(MAX(IFERROR(VALUE(E12),0),IFERROR(VALUE(H12),0),IFERROR(VALUE(K12),0),IFERROR(VALUE(N12),0),IFERROR(VALUE(Q12),0)),"—") -> 18.5 | S12: 3 | T12: 12–15
A13: Cable/Band Chest Fly | B13: Deep stretch. Peak chest contraction. | C13: 15 | D13: 10 | E13: =IF(AND(ISNUMBER(C13),ISNUMBER(D13)),ROUND(C13*(1+D13/30),1),"—") -> 20 | F13: 15 | G13: 13 | H13: =IF(AND(ISNUMBER(F13),ISNUMBER(G13)),ROUND(F13*(1+G13/30),1),"—") -> 21.5 | I13: 15 | J13: 17 | K13: =IF(AND(ISNUMBER(I13),ISNUMBER(J13)),ROUND(I13*(1+J13/30),1),"—") -> 23.5 | N13: =IF(AND(ISNUMBER(L13),ISNUMBER(M13)),ROUND(L13*(1+M13/30),1),"—") -> — | Q13: =IF(AND(ISNUMBER(O13),ISNUMBER(P13)),ROUND(O13*(1+P13/30),1),"—") -> — | R13: =IFERROR(MAX(IFERROR(VALUE(E13),0),IFERROR(VALUE(H13),0),IFERROR(VALUE(K13),0),IFERROR(VALUE(N13),0),IFERROR(VALUE(Q13),0)),"—") -> 23.5 | S13: 3 | T13: 15
A14: Tricep Cable/Band Pushdown | B14: Elbows fixed. Full extension. Triceps = 2/3 of arm. | C14: 15 | D14: 12 | E14: =IF(AND(ISNUMBER(C14),ISNUMBER(D14)),ROUND(C14*(1+D14/30),1),"—") -> 21 | F14: 15 | G14: 9 | H14: =IF(AND(ISNUMBER(F14),ISNUMBER(G14)),ROUND(F14*(1+G14/30),1),"—") -> 19.5 | I14: 15 | J14: 6 | K14: =IF(AND(ISNUMBER(I14),ISNUMBER(J14)),ROUND(I14*(1+J14/30),1),"—") -> 18 | N14: =IF(AND(ISNUMBER(L14),ISNUMBER(M14)),ROUND(L14*(1+M14/30),1),"—") -> — | Q14: =IF(AND(ISNUMBER(O14),ISNUMBER(P14)),ROUND(O14*(1+P14/30),1),"—") -> — | R14: =IFERROR(MAX(IFERROR(VALUE(E14),0),IFERROR(VALUE(H14),0),IFERROR(VALUE(K14),0),IFERROR(VALUE(N14),0),IFERROR(VALUE(Q14),0)),"—") -> 21 | S14: 3 | T14: 15
A15: Overhead DB Tricep Extension | B15: Long head stretch. Arms bigger from behind. | C15: 7.5 | D15: 14 | E15: =IF(AND(ISNUMBER(C15),ISNUMBER(D15)),ROUND(C15*(1+D15/30),1),"—") -> 11 | F15: 7.5 | G15: 11 | H15: =IF(AND(ISNUMBER(F15),ISNUMBER(G15)),ROUND(F15*(1+G15/30),1),"—") -> 10.3 | I15: 7.5 | J15: 11 | K15: =IF(AND(ISNUMBER(I15),ISNUMBER(J15)),ROUND(I15*(1+J15/30),1),"—") -> 10.3 | N15: =IF(AND(ISNUMBER(L15),ISNUMBER(M15)),ROUND(L15*(1+M15/30),1),"—") -> — | Q15: =IF(AND(ISNUMBER(O15),ISNUMBER(P15)),ROUND(O15*(1+P15/30),1),"—") -> — | R15: =IFERROR(MAX(IFERROR(VALUE(E15),0),IFERROR(VALUE(H15),0),IFERROR(VALUE(K15),0),IFERROR(VALUE(N15),0),IFERROR(VALUE(Q15),0)),"—") -> 11 | S15: 2 | T15: 15
A16: BAG: Straight Punch Rounds | B16: 3×1 min. Hands up. Exhale each punch. | E16: =IF(AND(ISNUMBER(C16),ISNUMBER(D16)),ROUND(C16*(1+D16/30),1),"—") -> — | H16: =IF(AND(ISNUMBER(F16),ISNUMBER(G16)),ROUND(F16*(1+G16/30),1),"—") -> — | K16: =IF(AND(ISNUMBER(I16),ISNUMBER(J16)),ROUND(I16*(1+J16/30),1),"—") -> — | N16: =IF(AND(ISNUMBER(L16),ISNUMBER(M16)),ROUND(L16*(1+M16/30),1),"—") -> — | Q16: =IF(AND(ISNUMBER(O16),ISNUMBER(P16)),ROUND(O16*(1+P16/30),1),"—") -> — | R16: =IFERROR(MAX(IFERROR(VALUE(E16),0),IFERROR(VALUE(H16),0),IFERROR(VALUE(K16),0),IFERROR(VALUE(N16),0),IFERROR(VALUE(Q16),0)),"—") -> 0
A17: Door-frame chest stretch | E17: =IF(AND(ISNUMBER(C17),ISNUMBER(D17)),ROUND(C17*(1+D17/30),1),"—") -> — | H17: =IF(AND(ISNUMBER(F17),ISNUMBER(G17)),ROUND(F17*(1+G17/30),1),"—") -> — | K17: =IF(AND(ISNUMBER(I17),ISNUMBER(J17)),ROUND(I17*(1+J17/30),1),"—") -> — | N17: =IF(AND(ISNUMBER(L17),ISNUMBER(M17)),ROUND(L17*(1+M17/30),1),"—") -> — | Q17: =IF(AND(ISNUMBER(O17),ISNUMBER(P17)),ROUND(O17*(1+P17/30),1),"—") -> — | R17: =IFERROR(MAX(IFERROR(VALUE(E17),0),IFERROR(VALUE(H17),0),IFERROR(VALUE(K17),0),IFERROR(VALUE(N17),0),IFERROR(VALUE(Q17),0)),"—") -> 0
A18: Across-body shoulder stretch | E18: =IF(AND(ISNUMBER(C18),ISNUMBER(D18)),ROUND(C18*(1+D18/30),1),"—") -> — | H18: =IF(AND(ISNUMBER(F18),ISNUMBER(G18)),ROUND(F18*(1+G18/30),1),"—") -> — | K18: =IF(AND(ISNUMBER(I18),ISNUMBER(J18)),ROUND(I18*(1+J18/30),1),"—") -> — | N18: =IF(AND(ISNUMBER(L18),ISNUMBER(M18)),ROUND(L18*(1+M18/30),1),"—") -> — | Q18: =IF(AND(ISNUMBER(O18),ISNUMBER(P18)),ROUND(O18*(1+P18/30),1),"—") -> — | R18: =IFERROR(MAX(IFERROR(VALUE(E18),0),IFERROR(VALUE(H18),0),IFERROR(VALUE(K18),0),IFERROR(VALUE(N18),0),IFERROR(VALUE(Q18),0)),"—") -> 0
A19: Tricep Overhead Stretch | E19: =IF(AND(ISNUMBER(C19),ISNUMBER(D19)),ROUND(C19*(1+D19/30),1),"—") -> — | H19: =IF(AND(ISNUMBER(F19),ISNUMBER(G19)),ROUND(F19*(1+G19/30),1),"—") -> — | K19: =IF(AND(ISNUMBER(I19),ISNUMBER(J19)),ROUND(I19*(1+J19/30),1),"—") -> — | N19: =IF(AND(ISNUMBER(L19),ISNUMBER(M19)),ROUND(L19*(1+M19/30),1),"—") -> — | Q19: =IF(AND(ISNUMBER(O19),ISNUMBER(P19)),ROUND(O19*(1+P19/30),1),"—") -> — | R19: =IFERROR(MAX(IFERROR(VALUE(E19),0),IFERROR(VALUE(H19),0),IFERROR(VALUE(K19),0),IFERROR(VALUE(N19),0),IFERROR(VALUE(Q19),0)),"—") -> 0
A20: Child's Pose | E20: =IF(AND(ISNUMBER(C20),ISNUMBER(D20)),ROUND(C20*(1+D20/30),1),"—") -> — | H20: =IF(AND(ISNUMBER(F20),ISNUMBER(G20)),ROUND(F20*(1+G20/30),1),"—") -> — | K20: =IF(AND(ISNUMBER(I20),ISNUMBER(J20)),ROUND(I20*(1+J20/30),1),"—") -> — | N20: =IF(AND(ISNUMBER(L20),ISNUMBER(M20)),ROUND(L20*(1+M20/30),1),"—") -> — | Q20: =IF(AND(ISNUMBER(O20),ISNUMBER(P20)),ROUND(O20*(1+P20/30),1),"—") -> — | R20: =IFERROR(MAX(IFERROR(VALUE(E20),0),IFERROR(VALUE(H20),0),IFERROR(VALUE(K20),0),IFERROR(VALUE(N20),0),IFERROR(VALUE(Q20),0)),"—") -> 0 | S20: 3 | T20: 1 min
A21: SESSION TOTAL SETS COMPLETED
A22: Progressive overload rule: If you complete ALL reps of ALL sets, INCREASE the weight by 1–2.5 kg next session.
A23: 💪 Pull Day — Session Log
A24: Fill in: Date · Week · Phase · then each exercise. Log every set as you do it.
A25: Date: | C25: Week #: | E25: Phase (1–4): | G25: Day (A or B): | H25: Tuesday | I25: Session #: | K25: Duration (min): | M25: Energy 1–10: | O25: Notes:
A26: Pull A | B26: Notes / Cues | C26: Set 1 Weight (kg) | D26: Set 1 Reps | E26: Set 1 1RM | F26: Set 2 Weight (kg) | G26: Set 2 Reps | H26: Set 2 1RM | I26: Set 3 Weight (kg) | J26: Set 3 Reps | K26: Set 3 1RM | L26: Set 4 Weight (kg) | M26: Set 4 Reps | N26: Set 4 1RM | O26: Set 5 Weight (kg) | P26: Set 5 Reps | Q26: Set 5 1RM | R26: Best 1RM Today | S26: Default Sets | T26: Default Reps
A27: Scapular wall slides | B27: back on wall and slide hands on wall 2x10 reps | E27: =IF(AND(ISNUMBER(C27),ISNUMBER(D27)),ROUND(C27*(1+D27/30),1),"—") -> — | H27: =IF(AND(ISNUMBER(F27),ISNUMBER(G27)),ROUND(F27*(1+G27/30),1),"—") -> — | K27: =IF(AND(ISNUMBER(I27),ISNUMBER(J27)),ROUND(I27*(1+J27/30),1),"—") -> — | N27: =IF(AND(ISNUMBER(L27),ISNUMBER(M27)),ROUND(L27*(1+M27/30),1),"—") -> — | Q27: =IF(AND(ISNUMBER(O27),ISNUMBER(P27)),ROUND(O27*(1+P27/30),1),"—") -> — | R27: =IFERROR(MAX(IFERROR(VALUE(E27),0),IFERROR(VALUE(H27),0),IFERROR(VALUE(K27),0),IFERROR(VALUE(N27),0),IFERROR(VALUE(Q27),0)),"—") -> 0
A28: Band face pull | B28: 2x15 reps | E28: =IF(AND(ISNUMBER(C28),ISNUMBER(D28)),ROUND(C28*(1+D28/30),1),"—") -> — | H28: =IF(AND(ISNUMBER(F28),ISNUMBER(G28)),ROUND(F28*(1+G28/30),1),"—") -> — | K28: =IF(AND(ISNUMBER(I28),ISNUMBER(J28)),ROUND(I28*(1+J28/30),1),"—") -> — | N28: =IF(AND(ISNUMBER(L28),ISNUMBER(M28)),ROUND(L28*(1+M28/30),1),"—") -> — | Q28: =IF(AND(ISNUMBER(O28),ISNUMBER(P28)),ROUND(O28*(1+P28/30),1),"—") -> — | R28: =IFERROR(MAX(IFERROR(VALUE(E28),0),IFERROR(VALUE(H28),0),IFERROR(VALUE(K28),0),IFERROR(VALUE(N28),0),IFERROR(VALUE(Q28),0)),"—") -> 0
A29: Dead hang on pull-up bar | B29: 2x20 sec | E29: =IF(AND(ISNUMBER(C29),ISNUMBER(D29)),ROUND(C29*(1+D29/30),1),"—") -> — | H29: =IF(AND(ISNUMBER(F29),ISNUMBER(G29)),ROUND(F29*(1+G29/30),1),"—") -> — | K29: =IF(AND(ISNUMBER(I29),ISNUMBER(J29)),ROUND(I29*(1+J29/30),1),"—") -> — | N29: =IF(AND(ISNUMBER(L29),ISNUMBER(M29)),ROUND(L29*(1+M29/30),1),"—") -> — | Q29: =IF(AND(ISNUMBER(O29),ISNUMBER(P29)),ROUND(O29*(1+P29/30),1),"—") -> — | R29: =IFERROR(MAX(IFERROR(VALUE(E29),0),IFERROR(VALUE(H29),0),IFERROR(VALUE(K29),0),IFERROR(VALUE(N29),0),IFERROR(VALUE(Q29),0)),"—") -> 0
A30: Band pull apart with external rotation | B30: 2x12 reps | E30: =IF(AND(ISNUMBER(C30),ISNUMBER(D30)),ROUND(C30*(1+D30/30),1),"—") -> — | H30: =IF(AND(ISNUMBER(F30),ISNUMBER(G30)),ROUND(F30*(1+G30/30),1),"—") -> — | K30: =IF(AND(ISNUMBER(I30),ISNUMBER(J30)),ROUND(I30*(1+J30/30),1),"—") -> — | N30: =IF(AND(ISNUMBER(L30),ISNUMBER(M30)),ROUND(L30*(1+M30/30),1),"—") -> — | Q30: =IF(AND(ISNUMBER(O30),ISNUMBER(P30)),ROUND(O30*(1+P30/30),1),"—") -> — | R30: =IFERROR(MAX(IFERROR(VALUE(E30),0),IFERROR(VALUE(H30),0),IFERROR(VALUE(K30),0),IFERROR(VALUE(N30),0),IFERROR(VALUE(Q30),0)),"—") -> 0
A31: Pull-ups / assisted pull-ups (wide Grip) | B31: V-taper KING. Band assist if needed. | C31: 78 | D31: 2 | E31: =IF(AND(ISNUMBER(C31),ISNUMBER(D31)),ROUND(C31*(1+D31/30),1),"—") -> 83.2 | F31: 78 | G31: 2 | H31: =IF(AND(ISNUMBER(F31),ISNUMBER(G31)),ROUND(F31*(1+G31/30),1),"—") -> 83.2 | I31: 78 | J31: 2 | K31: =IF(AND(ISNUMBER(I31),ISNUMBER(J31)),ROUND(I31*(1+J31/30),1),"—") -> 83.2 | N31: =IF(AND(ISNUMBER(L31),ISNUMBER(M31)),ROUND(L31*(1+M31/30),1),"—") -> — | Q31: =IF(AND(ISNUMBER(O31),ISNUMBER(P31)),ROUND(O31*(1+P31/30),1),"—") -> — | R31: =IFERROR(MAX(IFERROR(VALUE(E31),0),IFERROR(VALUE(H31),0),IFERROR(VALUE(K31),0),IFERROR(VALUE(N31),0),IFERROR(VALUE(Q31),0)),"—") -> 83.2 | S31: 3 | T31: Max
A32: Dumbbell Bent-Over Row | B32: Elbows back, not flared. Squeeze at top.Mid-back thickness. | C32: 5 | D32: 30 | E32: =IF(AND(ISNUMBER(C32),ISNUMBER(D32)),ROUND(C32*(1+D32/30),1),"—") -> 10 | F32: 7.5 | G32: 20 | H32: =IF(AND(ISNUMBER(F32),ISNUMBER(G32)),ROUND(F32*(1+G32/30),1),"—") -> 12.5 | I32: 10 | J32: 10 | K32: =IF(AND(ISNUMBER(I32),ISNUMBER(J32)),ROUND(I32*(1+J32/30),1),"—") -> 13.3 | L32: 10 | M32: 14 | N32: =IF(AND(ISNUMBER(L32),ISNUMBER(M32)),ROUND(L32*(1+M32/30),1),"—") -> 14.7 | Q32: =IF(AND(ISNUMBER(O32),ISNUMBER(P32)),ROUND(O32*(1+P32/30),1),"—") -> — | R32: =IFERROR(MAX(IFERROR(VALUE(E32),0),IFERROR(VALUE(H32),0),IFERROR(VALUE(K32),0),IFERROR(VALUE(N32),0),IFERROR(VALUE(Q32),0)),"—") -> 14.7 | S32: 3 | T32: 12
A33: Cable/Pulley Lat Pulldown | B33: Wide grip. Pull to upper chest. Stretch at top. | C33: 15 | D33: 20 | E33: =IF(AND(ISNUMBER(C33),ISNUMBER(D33)),ROUND(C33*(1+D33/30),1),"—") -> 25 | F33: 25 | G33: 11 | H33: =IF(AND(ISNUMBER(F33),ISNUMBER(G33)),ROUND(F33*(1+G33/30),1),"—") -> 34.2 | I33: 27.5 | J33: 13 | K33: =IF(AND(ISNUMBER(I33),ISNUMBER(J33)),ROUND(I33*(1+J33/30),1),"—") -> 39.4 | L33: 27.5 | M33: 10 | N33: =IF(AND(ISNUMBER(L33),ISNUMBER(M33)),ROUND(L33*(1+M33/30),1),"—") -> 36.7 | Q33: =IF(AND(ISNUMBER(O33),ISNUMBER(P33)),ROUND(O33*(1+P33/30),1),"—") -> — | R33: =IFERROR(MAX(IFERROR(VALUE(E33),0),IFERROR(VALUE(H33),0),IFERROR(VALUE(K33),0),IFERROR(VALUE(N33),0),IFERROR(VALUE(Q33),0)),"—") -> 39.4 | S33: 3 | T33: 12
A34: Dumbbell Reverse Fly | B34: Rear delts. Slow arc. 3D shoulder look. | C34: 7.5 | D34: 12 | E34: =IF(AND(ISNUMBER(C34),ISNUMBER(D34)),ROUND(C34*(1+D34/30),1),"—") -> 10.5 | F34: 10 | G34: 8 | H34: =IF(AND(ISNUMBER(F34),ISNUMBER(G34)),ROUND(F34*(1+G34/30),1),"—") -> 12.7 | I34: 10 | J34: 6 | K34: =IF(AND(ISNUMBER(I34),ISNUMBER(J34)),ROUND(I34*(1+J34/30),1),"—") -> 12 | N34: =IF(AND(ISNUMBER(L34),ISNUMBER(M34)),ROUND(L34*(1+M34/30),1),"—") -> — | Q34: =IF(AND(ISNUMBER(O34),ISNUMBER(P34)),ROUND(O34*(1+P34/30),1),"—") -> — | R34: =IFERROR(MAX(IFERROR(VALUE(E34),0),IFERROR(VALUE(H34),0),IFERROR(VALUE(K34),0),IFERROR(VALUE(N34),0),IFERROR(VALUE(Q34),0)),"—") -> 12.7 | S34: 3 | T34: 15
A35: Dumbbell Face Pull (bent over) | B35: Elbows high. Rotator cuff + posture. | C35: 7.5 | D35: 10 | E35: =IF(AND(ISNUMBER(C35),ISNUMBER(D35)),ROUND(C35*(1+D35/30),1),"—") -> 10 | F35: 10 | G35: 8 | H35: =IF(AND(ISNUMBER(F35),ISNUMBER(G35)),ROUND(F35*(1+G35/30),1),"—") -> 12.7 | I35: 10 | J35: 8 | K35: =IF(AND(ISNUMBER(I35),ISNUMBER(J35)),ROUND(I35*(1+J35/30),1),"—") -> 12.7 | N35: =IF(AND(ISNUMBER(L35),ISNUMBER(M35)),ROUND(L35*(1+M35/30),1),"—") -> — | Q35: =IF(AND(ISNUMBER(O35),ISNUMBER(P35)),ROUND(O35*(1+P35/30),1),"—") -> — | R35: =IFERROR(MAX(IFERROR(VALUE(E35),0),IFERROR(VALUE(H35),0),IFERROR(VALUE(K35),0),IFERROR(VALUE(N35),0),IFERROR(VALUE(Q35),0)),"—") -> 12.7 | S35: 3 | T35: 15
A36: Dumbbell Hammer Curl | B36: 60° bench. Long head bicep peak. | C36: 7.5 | D36: 11 | E36: =IF(AND(ISNUMBER(C36),ISNUMBER(D36)),ROUND(C36*(1+D36/30),1),"—") -> 10.3 | F36: 7.5 | G36: 11 | H36: =IF(AND(ISNUMBER(F36),ISNUMBER(G36)),ROUND(F36*(1+G36/30),1),"—") -> 10.3 | I36: 7.5 | J36: 6 | K36: =IF(AND(ISNUMBER(I36),ISNUMBER(J36)),ROUND(I36*(1+J36/30),1),"—") -> 9 | N36: =IF(AND(ISNUMBER(L36),ISNUMBER(M36)),ROUND(L36*(1+M36/30),1),"—") -> — | Q36: =IF(AND(ISNUMBER(O36),ISNUMBER(P36)),ROUND(O36*(1+P36/30),1),"—") -> — | R36: =IFERROR(MAX(IFERROR(VALUE(E36),0),IFERROR(VALUE(H36),0),IFERROR(VALUE(K36),0),IFERROR(VALUE(N36),0),IFERROR(VALUE(Q36),0)),"—") -> 10.3 | S36: 3 | T36: 12
A37: Barbell-style curl (DB) | B37: Supinated grip. Full ROM, no swinging. | C37: 7.5 | D37: 10 | E37: =IF(AND(ISNUMBER(C37),ISNUMBER(D37)),ROUND(C37*(1+D37/30),1),"—") -> 10 | F37: 10 | G37: 4 | H37: =IF(AND(ISNUMBER(F37),ISNUMBER(G37)),ROUND(F37*(1+G37/30),1),"—") -> 11.3 | I37: 10 | J37: 3 | K37: =IF(AND(ISNUMBER(I37),ISNUMBER(J37)),ROUND(I37*(1+J37/30),1),"—") -> 11 | N37: =IF(AND(ISNUMBER(L37),ISNUMBER(M37)),ROUND(L37*(1+M37/30),1),"—") -> — | Q37: =IF(AND(ISNUMBER(O37),ISNUMBER(P37)),ROUND(O37*(1+P37/30),1),"—") -> — | R37: =IFERROR(MAX(IFERROR(VALUE(E37),0),IFERROR(VALUE(H37),0),IFERROR(VALUE(K37),0),IFERROR(VALUE(N37),0),IFERROR(VALUE(Q37),0)),"—") -> 11.3
A38: BAG: Hooks + Uppercuts | B38: 3×1 min. Rotate hips. Power from body not arm. | E38: =IF(AND(ISNUMBER(C38),ISNUMBER(D38)),ROUND(C38*(1+D38/30),1),"—") -> — | H38: =IF(AND(ISNUMBER(F38),ISNUMBER(G38)),ROUND(F38*(1+G38/30),1),"—") -> — | K38: =IF(AND(ISNUMBER(I38),ISNUMBER(J38)),ROUND(I38*(1+J38/30),1),"—") -> — | N38: =IF(AND(ISNUMBER(L38),ISNUMBER(M38)),ROUND(L38*(1+M38/30),1),"—") -> — | Q38: =IF(AND(ISNUMBER(O38),ISNUMBER(P38)),ROUND(O38*(1+P38/30),1),"—") -> — | R38: =IFERROR(MAX(IFERROR(VALUE(E38),0),IFERROR(VALUE(H38),0),IFERROR(VALUE(K38),0),IFERROR(VALUE(N38),0),IFERROR(VALUE(Q38),0)),"—") -> 0
A39: Dead hang passive stretch | B39: close grip stretch back while hang, 2x30 sec | E39: =IF(AND(ISNUMBER(C39),ISNUMBER(D39)),ROUND(C39*(1+D39/30),1),"—") -> — | H39: =IF(AND(ISNUMBER(F39),ISNUMBER(G39)),ROUND(F39*(1+G39/30),1),"—") -> — | K39: =IF(AND(ISNUMBER(I39),ISNUMBER(J39)),ROUND(I39*(1+J39/30),1),"—") -> — | N39: =IF(AND(ISNUMBER(L39),ISNUMBER(M39)),ROUND(L39*(1+M39/30),1),"—") -> — | Q39: =IF(AND(ISNUMBER(O39),ISNUMBER(P39)),ROUND(O39*(1+P39/30),1),"—") -> — | R39: =IFERROR(MAX(IFERROR(VALUE(E39),0),IFERROR(VALUE(H39),0),IFERROR(VALUE(K39),0),IFERROR(VALUE(N39),0),IFERROR(VALUE(Q39),0)),"—") -> 0
A40: Doorway lat stretch | B40: 30 sec each side | E40: =IF(AND(ISNUMBER(C40),ISNUMBER(D40)),ROUND(C40*(1+D40/30),1),"—") -> — | H40: =IF(AND(ISNUMBER(F40),ISNUMBER(G40)),ROUND(F40*(1+G40/30),1),"—") -> — | K40: =IF(AND(ISNUMBER(I40),ISNUMBER(J40)),ROUND(I40*(1+J40/30),1),"—") -> — | N40: =IF(AND(ISNUMBER(L40),ISNUMBER(M40)),ROUND(L40*(1+M40/30),1),"—") -> — | Q40: =IF(AND(ISNUMBER(O40),ISNUMBER(P40)),ROUND(O40*(1+P40/30),1),"—") -> — | R40: =IFERROR(MAX(IFERROR(VALUE(E40),0),IFERROR(VALUE(H40),0),IFERROR(VALUE(K40),0),IFERROR(VALUE(N40),0),IFERROR(VALUE(Q40),0)),"—") -> 0
A41: Bicep wall stretch | B41: 30 sec each side | E41: =IF(AND(ISNUMBER(C41),ISNUMBER(D41)),ROUND(C41*(1+D41/30),1),"—") -> — | H41: =IF(AND(ISNUMBER(F41),ISNUMBER(G41)),ROUND(F41*(1+G41/30),1),"—") -> — | K41: =IF(AND(ISNUMBER(I41),ISNUMBER(J41)),ROUND(I41*(1+J41/30),1),"—") -> — | N41: =IF(AND(ISNUMBER(L41),ISNUMBER(M41)),ROUND(L41*(1+M41/30),1),"—") -> — | Q41: =IF(AND(ISNUMBER(O41),ISNUMBER(P41)),ROUND(O41*(1+P41/30),1),"—") -> — | R41: =IFERROR(MAX(IFERROR(VALUE(E41),0),IFERROR(VALUE(H41),0),IFERROR(VALUE(K41),0),IFERROR(VALUE(N41),0),IFERROR(VALUE(Q41),0)),"—") -> 0
A42: Cat-cow spinal decompression | B42: 60 sec | E42: =IF(AND(ISNUMBER(C42),ISNUMBER(D42)),ROUND(C42*(1+D42/30),1),"—") -> — | H42: =IF(AND(ISNUMBER(F42),ISNUMBER(G42)),ROUND(F42*(1+G42/30),1),"—") -> — | K42: =IF(AND(ISNUMBER(I42),ISNUMBER(J42)),ROUND(I42*(1+J42/30),1),"—") -> — | N42: =IF(AND(ISNUMBER(L42),ISNUMBER(M42)),ROUND(L42*(1+M42/30),1),"—") -> — | Q42: =IF(AND(ISNUMBER(O42),ISNUMBER(P42)),ROUND(O42*(1+P42/30),1),"—") -> — | R42: =IFERROR(MAX(IFERROR(VALUE(E42),0),IFERROR(VALUE(H42),0),IFERROR(VALUE(K42),0),IFERROR(VALUE(N42),0),IFERROR(VALUE(Q42),0)),"—") -> 0
A43: SESSION TOTAL SETS COMPLETED
A44: Progressive overload rule: If you complete ALL reps of ALL sets, INCREASE the weight by 1–2.5 kg next session.
A46: 💪 Legs + Abs — Session Log
A47: Fill in: Date · Week · Phase · then each exercise. Log every set as you do it.
A48: Date: | C48: Week #: | E48: Phase (1–4): | G48: Day (A or B): | H48: Wednesday | I48: Session #: | K48: Duration (min): | M48: Energy 1–10: | O48: Notes:
A49: Legs + Abs A — Quads, Glutes, Core | B49: Notes / Cues | C49: Set 1 Weight (kg) | D49: Set 1 Reps | E49: Set 1 1RM | F49: Set 2 Weight (kg) | G49: Set 2 Reps | H49: Set 2 1RM | I49: Set 3 Weight (kg) | J49: Set 3 Reps | K49: Set 3 1RM | L49: Set 4 Weight (kg) | M49: Set 4 Reps | N49: Set 4 1RM | O49: Set 5 Weight (kg) | P49: Set 5 Reps | Q49: Set 5 1RM | R49: Best 1RM Today | S49: Default Sets | T49: Default Reps
A50: Hip circles + leg swings | B50: 60 sec each direction | E50: =IF(AND(ISNUMBER(C50),ISNUMBER(D50)),ROUND(C50*(1+D50/30),1),"—") -> — | H50: =IF(AND(ISNUMBER(F50),ISNUMBER(G50)),ROUND(F50*(1+G50/30),1),"—") -> — | K50: =IF(AND(ISNUMBER(I50),ISNUMBER(J50)),ROUND(I50*(1+J50/30),1),"—") -> — | N50: =IF(AND(ISNUMBER(L50),ISNUMBER(M50)),ROUND(L50*(1+M50/30),1),"—") -> — | Q50: =IF(AND(ISNUMBER(O50),ISNUMBER(P50)),ROUND(O50*(1+P50/30),1),"—") -> — | R50: =IFERROR(MAX(IFERROR(VALUE(E50),0),IFERROR(VALUE(H50),0),IFERROR(VALUE(K50),0),IFERROR(VALUE(N50),0),IFERROR(VALUE(Q50),0)),"—") -> 0
A51: Bodyweight squat (slow) | B51: 2×12 reps | E51: =IF(AND(ISNUMBER(C51),ISNUMBER(D51)),ROUND(C51*(1+D51/30),1),"—") -> — | H51: =IF(AND(ISNUMBER(F51),ISNUMBER(G51)),ROUND(F51*(1+G51/30),1),"—") -> — | K51: =IF(AND(ISNUMBER(I51),ISNUMBER(J51)),ROUND(I51*(1+J51/30),1),"—") -> — | N51: =IF(AND(ISNUMBER(L51),ISNUMBER(M51)),ROUND(L51*(1+M51/30),1),"—") -> — | Q51: =IF(AND(ISNUMBER(O51),ISNUMBER(P51)),ROUND(O51*(1+P51/30),1),"—") -> — | R51: =IFERROR(MAX(IFERROR(VALUE(E51),0),IFERROR(VALUE(H51),0),IFERROR(VALUE(K51),0),IFERROR(VALUE(N51),0),IFERROR(VALUE(Q51),0)),"—") -> 0
A52: Glute bridges | B52: 2×15 reps | E52: =IF(AND(ISNUMBER(C52),ISNUMBER(D52)),ROUND(C52*(1+D52/30),1),"—") -> — | H52: =IF(AND(ISNUMBER(F52),ISNUMBER(G52)),ROUND(F52*(1+G52/30),1),"—") -> — | K52: =IF(AND(ISNUMBER(I52),ISNUMBER(J52)),ROUND(I52*(1+J52/30),1),"—") -> — | N52: =IF(AND(ISNUMBER(L52),ISNUMBER(M52)),ROUND(L52*(1+M52/30),1),"—") -> — | Q52: =IF(AND(ISNUMBER(O52),ISNUMBER(P52)),ROUND(O52*(1+P52/30),1),"—") -> — | R52: =IFERROR(MAX(IFERROR(VALUE(E52),0),IFERROR(VALUE(H52),0),IFERROR(VALUE(K52),0),IFERROR(VALUE(N52),0),IFERROR(VALUE(Q52),0)),"—") -> 0
A53: Band lateral walks | B53: 2×15 steps | E53: =IF(AND(ISNUMBER(C53),ISNUMBER(D53)),ROUND(C53*(1+D53/30),1),"—") -> — | H53: =IF(AND(ISNUMBER(F53),ISNUMBER(G53)),ROUND(F53*(1+G53/30),1),"—") -> — | K53: =IF(AND(ISNUMBER(I53),ISNUMBER(J53)),ROUND(I53*(1+J53/30),1),"—") -> — | N53: =IF(AND(ISNUMBER(L53),ISNUMBER(M53)),ROUND(L53*(1+M53/30),1),"—") -> — | Q53: =IF(AND(ISNUMBER(O53),ISNUMBER(P53)),ROUND(O53*(1+P53/30),1),"—") -> — | R53: =IFERROR(MAX(IFERROR(VALUE(E53),0),IFERROR(VALUE(H53),0),IFERROR(VALUE(K53),0),IFERROR(VALUE(N53),0),IFERROR(VALUE(Q53),0)),"—") -> 0
A54: Dumbbell Goblet Squat | B54: Hold DB at chest. Full depth. Knees track toes. | E54: =IF(AND(ISNUMBER(C54),ISNUMBER(D54)),ROUND(C54*(1+D54/30),1),"—") -> — | H54: =IF(AND(ISNUMBER(F54),ISNUMBER(G54)),ROUND(F54*(1+G54/30),1),"—") -> — | K54: =IF(AND(ISNUMBER(I54),ISNUMBER(J54)),ROUND(I54*(1+J54/30),1),"—") -> — | N54: =IF(AND(ISNUMBER(L54),ISNUMBER(M54)),ROUND(L54*(1+M54/30),1),"—") -> — | Q54: =IF(AND(ISNUMBER(O54),ISNUMBER(P54)),ROUND(O54*(1+P54/30),1),"—") -> — | R54: =IFERROR(MAX(IFERROR(VALUE(E54),0),IFERROR(VALUE(H54),0),IFERROR(VALUE(K54),0),IFERROR(VALUE(N54),0),IFERROR(VALUE(Q54),0)),"—") -> 0 | S54: 3 | T54: 12
A55: Dumbbell Romanian Deadlift | B55: Hinge at hips. Hamstring stretch. HUGE for glutes. | E55: =IF(AND(ISNUMBER(C55),ISNUMBER(D55)),ROUND(C55*(1+D55/30),1),"—") -> — | H55: =IF(AND(ISNUMBER(F55),ISNUMBER(G55)),ROUND(F55*(1+G55/30),1),"—") -> — | K55: =IF(AND(ISNUMBER(I55),ISNUMBER(J55)),ROUND(I55*(1+J55/30),1),"—") -> — | N55: =IF(AND(ISNUMBER(L55),ISNUMBER(M55)),ROUND(L55*(1+M55/30),1),"—") -> — | Q55: =IF(AND(ISNUMBER(O55),ISNUMBER(P55)),ROUND(O55*(1+P55/30),1),"—") -> — | R55: =IFERROR(MAX(IFERROR(VALUE(E55),0),IFERROR(VALUE(H55),0),IFERROR(VALUE(K55),0),IFERROR(VALUE(N55),0),IFERROR(VALUE(Q55),0)),"—") -> 0 | S55: 3 | T55: 12
A56: Dumbbell Reverse Lunge | B56: Stepping back. Less knee stress than forward lunge. | E56: =IF(AND(ISNUMBER(C56),ISNUMBER(D56)),ROUND(C56*(1+D56/30),1),"—") -> — | H56: =IF(AND(ISNUMBER(F56),ISNUMBER(G56)),ROUND(F56*(1+G56/30),1),"—") -> — | K56: =IF(AND(ISNUMBER(I56),ISNUMBER(J56)),ROUND(I56*(1+J56/30),1),"—") -> — | N56: =IF(AND(ISNUMBER(L56),ISNUMBER(M56)),ROUND(L56*(1+M56/30),1),"—") -> — | Q56: =IF(AND(ISNUMBER(O56),ISNUMBER(P56)),ROUND(O56*(1+P56/30),1),"—") -> — | R56: =IFERROR(MAX(IFERROR(VALUE(E56),0),IFERROR(VALUE(H56),0),IFERROR(VALUE(K56),0),IFERROR(VALUE(N56),0),IFERROR(VALUE(Q56),0)),"—") -> 0 | S56: 3 | T56: 10 each
A57: Resistance Band Squat | B57: Band above knees. Activates glute med for width. | E57: =IF(AND(ISNUMBER(C57),ISNUMBER(D57)),ROUND(C57*(1+D57/30),1),"—") -> — | H57: =IF(AND(ISNUMBER(F57),ISNUMBER(G57)),ROUND(F57*(1+G57/30),1),"—") -> — | K57: =IF(AND(ISNUMBER(I57),ISNUMBER(J57)),ROUND(I57*(1+J57/30),1),"—") -> — | N57: =IF(AND(ISNUMBER(L57),ISNUMBER(M57)),ROUND(L57*(1+M57/30),1),"—") -> — | Q57: =IF(AND(ISNUMBER(O57),ISNUMBER(P57)),ROUND(O57*(1+P57/30),1),"—") -> — | R57: =IFERROR(MAX(IFERROR(VALUE(E57),0),IFERROR(VALUE(H57),0),IFERROR(VALUE(K57),0),IFERROR(VALUE(N57),0),IFERROR(VALUE(Q57),0)),"—") -> 0 | S57: 3 | T57: 12
A58: Dumbbell Sumo Squat | B58: Wide stance. Inner quad and adductor focus. | E58: =IF(AND(ISNUMBER(C58),ISNUMBER(D58)),ROUND(C58*(1+D58/30),1),"—") -> — | H58: =IF(AND(ISNUMBER(F58),ISNUMBER(G58)),ROUND(F58*(1+G58/30),1),"—") -> — | K58: =IF(AND(ISNUMBER(I58),ISNUMBER(J58)),ROUND(I58*(1+J58/30),1),"—") -> — | N58: =IF(AND(ISNUMBER(L58),ISNUMBER(M58)),ROUND(L58*(1+M58/30),1),"—") -> — | Q58: =IF(AND(ISNUMBER(O58),ISNUMBER(P58)),ROUND(O58*(1+P58/30),1),"—") -> — | R58: =IFERROR(MAX(IFERROR(VALUE(E58),0),IFERROR(VALUE(H58),0),IFERROR(VALUE(K58),0),IFERROR(VALUE(N58),0),IFERROR(VALUE(Q58),0)),"—") -> 0 | S58: 3 | T58: 15
A59: Ab Wheel Rollout | B59: Slow controlled. BEST core exercise you own. | E59: =IF(AND(ISNUMBER(C59),ISNUMBER(D59)),ROUND(C59*(1+D59/30),1),"—") -> — | H59: =IF(AND(ISNUMBER(F59),ISNUMBER(G59)),ROUND(F59*(1+G59/30),1),"—") -> — | K59: =IF(AND(ISNUMBER(I59),ISNUMBER(J59)),ROUND(I59*(1+J59/30),1),"—") -> — | N59: =IF(AND(ISNUMBER(L59),ISNUMBER(M59)),ROUND(L59*(1+M59/30),1),"—") -> — | Q59: =IF(AND(ISNUMBER(O59),ISNUMBER(P59)),ROUND(O59*(1+P59/30),1),"—") -> — | R59: =IFERROR(MAX(IFERROR(VALUE(E59),0),IFERROR(VALUE(H59),0),IFERROR(VALUE(K59),0),IFERROR(VALUE(N59),0),IFERROR(VALUE(Q59),0)),"—") -> 0 | S59: 3 | T59: 20
A60: Hanging Knee Raises (Pull-up Bar) | B60: Don't swing. Lower slowly. | E60: =IF(AND(ISNUMBER(C60),ISNUMBER(D60)),ROUND(C60*(1+D60/30),1),"—") -> — | H60: =IF(AND(ISNUMBER(F60),ISNUMBER(G60)),ROUND(F60*(1+G60/30),1),"—") -> — | K60: =IF(AND(ISNUMBER(I60),ISNUMBER(J60)),ROUND(I60*(1+J60/30),1),"—") -> — | N60: =IF(AND(ISNUMBER(L60),ISNUMBER(M60)),ROUND(L60*(1+M60/30),1),"—") -> — | Q60: =IF(AND(ISNUMBER(O60),ISNUMBER(P60)),ROUND(O60*(1+P60/30),1),"—") -> — | R60: =IFERROR(MAX(IFERROR(VALUE(E60),0),IFERROR(VALUE(H60),0),IFERROR(VALUE(K60),0),IFERROR(VALUE(N60),0),IFERROR(VALUE(Q60),0)),"—") -> 0 | S60: 3 | T60: 10 each
A61: Plank Variations | B61: Side plank alternating. Oblique definition. | E61: =IF(AND(ISNUMBER(C61),ISNUMBER(D61)),ROUND(C61*(1+D61/30),1),"—") -> — | H61: =IF(AND(ISNUMBER(F61),ISNUMBER(G61)),ROUND(F61*(1+G61/30),1),"—") -> — | K61: =IF(AND(ISNUMBER(I61),ISNUMBER(J61)),ROUND(I61*(1+J61/30),1),"—") -> — | N61: =IF(AND(ISNUMBER(L61),ISNUMBER(M61)),ROUND(L61*(1+M61/30),1),"—") -> — | Q61: =IF(AND(ISNUMBER(O61),ISNUMBER(P61)),ROUND(O61*(1+P61/30),1),"—") -> — | R61: =IFERROR(MAX(IFERROR(VALUE(E61),0),IFERROR(VALUE(H61),0),IFERROR(VALUE(K61),0),IFERROR(VALUE(N61),0),IFERROR(VALUE(Q61),0)),"—") -> 0 | S61: 3 | T61: 10 each
A62: Standing quad stretch | B62: 30 sec each | E62: =IF(AND(ISNUMBER(C62),ISNUMBER(D62)),ROUND(C62*(1+D62/30),1),"—") -> — | H62: =IF(AND(ISNUMBER(F62),ISNUMBER(G62)),ROUND(F62*(1+G62/30),1),"—") -> — | K62: =IF(AND(ISNUMBER(I62),ISNUMBER(J62)),ROUND(I62*(1+J62/30),1),"—") -> — | N62: =IF(AND(ISNUMBER(L62),ISNUMBER(M62)),ROUND(L62*(1+M62/30),1),"—") -> — | Q62: =IF(AND(ISNUMBER(O62),ISNUMBER(P62)),ROUND(O62*(1+P62/30),1),"—") -> — | R62: =IFERROR(MAX(IFERROR(VALUE(E62),0),IFERROR(VALUE(H62),0),IFERROR(VALUE(K62),0),IFERROR(VALUE(N62),0),IFERROR(VALUE(Q62),0)),"—") -> 0 | S62: 3 | T62: 8
A63: Pigeon pose (hip flexor) | B63: 45 sec each side | E63: =IF(AND(ISNUMBER(C63),ISNUMBER(D63)),ROUND(C63*(1+D63/30),1),"—") -> — | H63: =IF(AND(ISNUMBER(F63),ISNUMBER(G63)),ROUND(F63*(1+G63/30),1),"—") -> — | K63: =IF(AND(ISNUMBER(I63),ISNUMBER(J63)),ROUND(I63*(1+J63/30),1),"—") -> — | N63: =IF(AND(ISNUMBER(L63),ISNUMBER(M63)),ROUND(L63*(1+M63/30),1),"—") -> — | Q63: =IF(AND(ISNUMBER(O63),ISNUMBER(P63)),ROUND(O63*(1+P63/30),1),"—") -> — | R63: =IFERROR(MAX(IFERROR(VALUE(E63),0),IFERROR(VALUE(H63),0),IFERROR(VALUE(K63),0),IFERROR(VALUE(N63),0),IFERROR(VALUE(Q63),0)),"—") -> 0 | S63: 3 | T63: 12
A64: Seated hamstring stretch | B64: 45 sec each | E64: =IF(AND(ISNUMBER(C64),ISNUMBER(D64)),ROUND(C64*(1+D64/30),1),"—") -> — | H64: =IF(AND(ISNUMBER(F64),ISNUMBER(G64)),ROUND(F64*(1+G64/30),1),"—") -> — | K64: =IF(AND(ISNUMBER(I64),ISNUMBER(J64)),ROUND(I64*(1+J64/30),1),"—") -> — | N64: =IF(AND(ISNUMBER(L64),ISNUMBER(M64)),ROUND(L64*(1+M64/30),1),"—") -> — | Q64: =IF(AND(ISNUMBER(O64),ISNUMBER(P64)),ROUND(O64*(1+P64/30),1),"—") -> — | R64: =IFERROR(MAX(IFERROR(VALUE(E64),0),IFERROR(VALUE(H64),0),IFERROR(VALUE(K64),0),IFERROR(VALUE(N64),0),IFERROR(VALUE(Q64),0)),"—") -> 0
A65: Glute figure-4 stretch | B65: 30 sec each | E65: =IF(AND(ISNUMBER(C65),ISNUMBER(D65)),ROUND(C65*(1+D65/30),1),"—") -> — | H65: =IF(AND(ISNUMBER(F65),ISNUMBER(G65)),ROUND(F65*(1+G65/30),1),"—") -> — | K65: =IF(AND(ISNUMBER(I65),ISNUMBER(J65)),ROUND(I65*(1+J65/30),1),"—") -> — | N65: =IF(AND(ISNUMBER(L65),ISNUMBER(M65)),ROUND(L65*(1+M65/30),1),"—") -> — | Q65: =IF(AND(ISNUMBER(O65),ISNUMBER(P65)),ROUND(O65*(1+P65/30),1),"—") -> — | R65: =IFERROR(MAX(IFERROR(VALUE(E65),0),IFERROR(VALUE(H65),0),IFERROR(VALUE(K65),0),IFERROR(VALUE(N65),0),IFERROR(VALUE(Q65),0)),"—") -> 0 | S65: 3 | T65: 30 sec
A66: SESSION TOTAL SETS COMPLETED
A67: Progressive overload rule: If you complete ALL reps of ALL sets, INCREASE the weight by 1–2.5 kg next session.
A69: Date: | C69: Week #: | E69: Phase (1–4): | G69: Day (A or B): | H69: Thursday | I69: Session #: | J69: 2 | K69: Duration (min): | M69: Energy 1–10: | O69: Notes:
A70: Push B — Shoulders Focus, Chest, Triceps | B70: Notes / Cues | C70: Set 1 Weight (kg) | D70: Set 1 Reps | E70: Set 1 1RM | F70: Set 2 Weight (kg) | G70: Set 2 Reps | H70: Set 2 1RM | I70: Set 3 Weight (kg) | J70: Set 3 Reps | K70: Set 3 1RM | L70: Set 4 Weight (kg) | M70: Set 4 Reps | N70: Set 4 1RM | O70: Set 5 Weight (kg) | P70: Set 5 Reps | Q70: Set 5 1RM | R70: Best 1RM Today | S70: Default Sets | T70: Default Reps
A71: Band pull-apart | B71: 2x15 reps | E71: =IF(AND(ISNUMBER(C71),ISNUMBER(D71)),ROUND(C71*(1+D71/30),1),"—") -> — | H71: =IF(AND(ISNUMBER(F71),ISNUMBER(G71)),ROUND(F71*(1+G71/30),1),"—") -> — | K71: =IF(AND(ISNUMBER(I71),ISNUMBER(J71)),ROUND(I71*(1+J71/30),1),"—") -> — | N71: =IF(AND(ISNUMBER(L71),ISNUMBER(M71)),ROUND(L71*(1+M71/30),1),"—") -> — | Q71: =IF(AND(ISNUMBER(O71),ISNUMBER(P71)),ROUND(O71*(1+P71/30),1),"—") -> — | R71: =IFERROR(MAX(IFERROR(VALUE(E71),0),IFERROR(VALUE(H71),0),IFERROR(VALUE(K71),0),IFERROR(VALUE(N71),0),IFERROR(VALUE(Q71),0)),"—") -> 0
A72: Rotator cuff internal/external rotation | B72: each 2x12 reps | E72: =IF(AND(ISNUMBER(C72),ISNUMBER(D72)),ROUND(C72*(1+D72/30),1),"—") -> — | H72: =IF(AND(ISNUMBER(F72),ISNUMBER(G72)),ROUND(F72*(1+G72/30),1),"—") -> — | K72: =IF(AND(ISNUMBER(I72),ISNUMBER(J72)),ROUND(I72*(1+J72/30),1),"—") -> — | N72: =IF(AND(ISNUMBER(L72),ISNUMBER(M72)),ROUND(L72*(1+M72/30),1),"—") -> — | Q72: =IF(AND(ISNUMBER(O72),ISNUMBER(P72)),ROUND(O72*(1+P72/30),1),"—") -> — | R72: =IFERROR(MAX(IFERROR(VALUE(E72),0),IFERROR(VALUE(H72),0),IFERROR(VALUE(K72),0),IFERROR(VALUE(N72),0),IFERROR(VALUE(Q72),0)),"—") -> 0
A73: Wall shoulder CARs | B73: 5 slow circles each arm | E73: =IF(AND(ISNUMBER(C73),ISNUMBER(D73)),ROUND(C73*(1+D73/30),1),"—") -> — | H73: =IF(AND(ISNUMBER(F73),ISNUMBER(G73)),ROUND(F73*(1+G73/30),1),"—") -> — | K73: =IF(AND(ISNUMBER(I73),ISNUMBER(J73)),ROUND(I73*(1+J73/30),1),"—") -> — | N73: =IF(AND(ISNUMBER(L73),ISNUMBER(M73)),ROUND(L73*(1+M73/30),1),"—") -> — | Q73: =IF(AND(ISNUMBER(O73),ISNUMBER(P73)),ROUND(O73*(1+P73/30),1),"—") -> — | R73: =IFERROR(MAX(IFERROR(VALUE(E73),0),IFERROR(VALUE(H73),0),IFERROR(VALUE(K73),0),IFERROR(VALUE(N73),0),IFERROR(VALUE(Q73),0)),"—") -> 0
A74: Light lateral raise | B74: 1×20 reps | C74: 2.5 | D74: 20 | E74: =IF(AND(ISNUMBER(C74),ISNUMBER(D74)),ROUND(C74*(1+D74/30),1),"—") -> 4.2 | H74: =IF(AND(ISNUMBER(F74),ISNUMBER(G74)),ROUND(F74*(1+G74/30),1),"—") -> — | K74: =IF(AND(ISNUMBER(I74),ISNUMBER(J74)),ROUND(I74*(1+J74/30),1),"—") -> — | N74: =IF(AND(ISNUMBER(L74),ISNUMBER(M74)),ROUND(L74*(1+M74/30),1),"—") -> — | Q74: =IF(AND(ISNUMBER(O74),ISNUMBER(P74)),ROUND(O74*(1+P74/30),1),"—") -> — | R74: =IFERROR(MAX(IFERROR(VALUE(E74),0),IFERROR(VALUE(H74),0),IFERROR(VALUE(K74),0),IFERROR(VALUE(N74),0),IFERROR(VALUE(Q74),0)),"—") -> 4.2
A75: Dumbbell Arnold Press | B75: Rotation hits all 3 delt heads. V-taper essential. | C75: 5 | D75: 15 | E75: =IF(AND(ISNUMBER(C75),ISNUMBER(D75)),ROUND(C75*(1+D75/30),1),"—") -> 7.5 | F75: 7.5 | G75: 12 | H75: =IF(AND(ISNUMBER(F75),ISNUMBER(G75)),ROUND(F75*(1+G75/30),1),"—") -> 10.5 | I75: 10 | J75: 9 | K75: =IF(AND(ISNUMBER(I75),ISNUMBER(J75)),ROUND(I75*(1+J75/30),1),"—") -> 13 | N75: =IF(AND(ISNUMBER(L75),ISNUMBER(M75)),ROUND(L75*(1+M75/30),1),"—") -> — | Q75: =IF(AND(ISNUMBER(O75),ISNUMBER(P75)),ROUND(O75*(1+P75/30),1),"—") -> — | R75: =IFERROR(MAX(IFERROR(VALUE(E75),0),IFERROR(VALUE(H75),0),IFERROR(VALUE(K75),0),IFERROR(VALUE(N75),0),IFERROR(VALUE(Q75),0)),"—") -> 13 | S75: 3 | T75: 12–16
A76: Dumbbell front raise | B76: Combined arms. Controlled, no swinging. | C76: 7.5 | D76: 10 | E76: =IF(AND(ISNUMBER(C76),ISNUMBER(D76)),ROUND(C76*(1+D76/30),1),"—") -> 10 | F76: 10 | G76: 7 | H76: =IF(AND(ISNUMBER(F76),ISNUMBER(G76)),ROUND(F76*(1+G76/30),1),"—") -> 12.3 | I76: 10 | J76: 8 | K76: =IF(AND(ISNUMBER(I76),ISNUMBER(J76)),ROUND(I76*(1+J76/30),1),"—") -> 12.7 | N76: =IF(AND(ISNUMBER(L76),ISNUMBER(M76)),ROUND(L76*(1+M76/30),1),"—") -> — | Q76: =IF(AND(ISNUMBER(O76),ISNUMBER(P76)),ROUND(O76*(1+P76/30),1),"—") -> — | R76: =IFERROR(MAX(IFERROR(VALUE(E76),0),IFERROR(VALUE(H76),0),IFERROR(VALUE(K76),0),IFERROR(VALUE(N76),0),IFERROR(VALUE(Q76),0)),"—") -> 12.7
A77: Dumbbell Lateral Raise (drop set) | B77: 4 sec negative. Most important exercise for width. | C77: 7.5 | D77: 7 | E77: =IF(AND(ISNUMBER(C77),ISNUMBER(D77)),ROUND(C77*(1+D77/30),1),"—") -> 9.3 | F77: 7.5 | G77: 7 | H77: =IF(AND(ISNUMBER(F77),ISNUMBER(G77)),ROUND(F77*(1+G77/30),1),"—") -> 9.3 | I77: 7.5 | J77: 6 | K77: =IF(AND(ISNUMBER(I77),ISNUMBER(J77)),ROUND(I77*(1+J77/30),1),"—") -> 9 | N77: =IF(AND(ISNUMBER(L77),ISNUMBER(M77)),ROUND(L77*(1+M77/30),1),"—") -> — | Q77: =IF(AND(ISNUMBER(O77),ISNUMBER(P77)),ROUND(O77*(1+P77/30),1),"—") -> — | R77: =IFERROR(MAX(IFERROR(VALUE(E77),0),IFERROR(VALUE(H77),0),IFERROR(VALUE(K77),0),IFERROR(VALUE(N77),0),IFERROR(VALUE(Q77),0)),"—") -> 9.3 | S77: 3 | T77: 16
A78: Push-ups (feet elevated) | B78: Elevated feet shift load to upper chest. | D78: 4 | E78: =IF(AND(ISNUMBER(C78),ISNUMBER(D78)),ROUND(C78*(1+D78/30),1),"—") -> — | G78: 3 | H78: =IF(AND(ISNUMBER(F78),ISNUMBER(G78)),ROUND(F78*(1+G78/30),1),"—") -> — | J78: 3 | K78: =IF(AND(ISNUMBER(I78),ISNUMBER(J78)),ROUND(I78*(1+J78/30),1),"—") -> — | N78: =IF(AND(ISNUMBER(L78),ISNUMBER(M78)),ROUND(L78*(1+M78/30),1),"—") -> — | Q78: =IF(AND(ISNUMBER(O78),ISNUMBER(P78)),ROUND(O78*(1+P78/30),1),"—") -> — | R78: =IFERROR(MAX(IFERROR(VALUE(E78),0),IFERROR(VALUE(H78),0),IFERROR(VALUE(K78),0),IFERROR(VALUE(N78),0),IFERROR(VALUE(Q78),0)),"—") -> 0 | S78: 3 | T78: 12–15
A79: Dumbbell decline press | B79: Lower chest definition. Decline on bench. | C79: 7.5 | D79: 20 | E79: =IF(AND(ISNUMBER(C79),ISNUMBER(D79)),ROUND(C79*(1+D79/30),1),"—") -> 12.5 | F79: 10 | G79: 17 | H79: =IF(AND(ISNUMBER(F79),ISNUMBER(G79)),ROUND(F79*(1+G79/30),1),"—") -> 15.7 | I79: 10 | J79: 20 | K79: =IF(AND(ISNUMBER(I79),ISNUMBER(J79)),ROUND(I79*(1+J79/30),1),"—") -> 16.7 | N79: =IF(AND(ISNUMBER(L79),ISNUMBER(M79)),ROUND(L79*(1+M79/30),1),"—") -> — | Q79: =IF(AND(ISNUMBER(O79),ISNUMBER(P79)),ROUND(O79*(1+P79/30),1),"—") -> — | R79: =IFERROR(MAX(IFERROR(VALUE(E79),0),IFERROR(VALUE(H79),0),IFERROR(VALUE(K79),0),IFERROR(VALUE(N79),0),IFERROR(VALUE(Q79),0)),"—") -> 16.7 | S79: 3 | T79: 12–15
A80: Cable/Band overhead tricep | B80: Long head stretch. Width to arms. | C80: 15 | D80: 10 | E80: =IF(AND(ISNUMBER(C80),ISNUMBER(D80)),ROUND(C80*(1+D80/30),1),"—") -> 20 | F80: 15 | G80: 10 | H80: =IF(AND(ISNUMBER(F80),ISNUMBER(G80)),ROUND(F80*(1+G80/30),1),"—") -> 20 | I80: 15 | J80: 6 | K80: =IF(AND(ISNUMBER(I80),ISNUMBER(J80)),ROUND(I80*(1+J80/30),1),"—") -> 18 | N80: =IF(AND(ISNUMBER(L80),ISNUMBER(M80)),ROUND(L80*(1+M80/30),1),"—") -> — | Q80: =IF(AND(ISNUMBER(O80),ISNUMBER(P80)),ROUND(O80*(1+P80/30),1),"—") -> — | R80: =IFERROR(MAX(IFERROR(VALUE(E80),0),IFERROR(VALUE(H80),0),IFERROR(VALUE(K80),0),IFERROR(VALUE(N80),0),IFERROR(VALUE(Q80),0)),"—") -> 20 | S80: 3 | T80: 15
A81: Diamond push-ups | B81: Bodyweight finisher. Medial tricep. | D81: 4 | E81: =IF(AND(ISNUMBER(C81),ISNUMBER(D81)),ROUND(C81*(1+D81/30),1),"—") -> — | G81: 2 | H81: =IF(AND(ISNUMBER(F81),ISNUMBER(G81)),ROUND(F81*(1+G81/30),1),"—") -> — | K81: =IF(AND(ISNUMBER(I81),ISNUMBER(J81)),ROUND(I81*(1+J81/30),1),"—") -> — | N81: =IF(AND(ISNUMBER(L81),ISNUMBER(M81)),ROUND(L81*(1+M81/30),1),"—") -> — | Q81: =IF(AND(ISNUMBER(O81),ISNUMBER(P81)),ROUND(O81*(1+P81/30),1),"—") -> — | R81: =IFERROR(MAX(IFERROR(VALUE(E81),0),IFERROR(VALUE(H81),0),IFERROR(VALUE(K81),0),IFERROR(VALUE(N81),0),IFERROR(VALUE(Q81),0)),"—") -> 0 | S81: 3 | T81: 15
A82: Pec minor stretch (doorway) | B82: 40 sec each side | E82: =IF(AND(ISNUMBER(C82),ISNUMBER(D82)),ROUND(C82*(1+D82/30),1),"—") -> — | H82: =IF(AND(ISNUMBER(F82),ISNUMBER(G82)),ROUND(F82*(1+G82/30),1),"—") -> — | K82: =IF(AND(ISNUMBER(I82),ISNUMBER(J82)),ROUND(I82*(1+J82/30),1),"—") -> — | N82: =IF(AND(ISNUMBER(L82),ISNUMBER(M82)),ROUND(L82*(1+M82/30),1),"—") -> — | Q82: =IF(AND(ISNUMBER(O82),ISNUMBER(P82)),ROUND(O82*(1+P82/30),1),"—") -> — | R82: =IFERROR(MAX(IFERROR(VALUE(E82),0),IFERROR(VALUE(H82),0),IFERROR(VALUE(K82),0),IFERROR(VALUE(N82),0),IFERROR(VALUE(Q82),0)),"—") -> 0 | S82: 2 | T82: 15
A83: Overhead shoulder stretch | B83: 30 sec each | E83: =IF(AND(ISNUMBER(C83),ISNUMBER(D83)),ROUND(C83*(1+D83/30),1),"—") -> — | H83: =IF(AND(ISNUMBER(F83),ISNUMBER(G83)),ROUND(F83*(1+G83/30),1),"—") -> — | K83: =IF(AND(ISNUMBER(I83),ISNUMBER(J83)),ROUND(I83*(1+J83/30),1),"—") -> — | N83: =IF(AND(ISNUMBER(L83),ISNUMBER(M83)),ROUND(L83*(1+M83/30),1),"—") -> — | Q83: =IF(AND(ISNUMBER(O83),ISNUMBER(P83)),ROUND(O83*(1+P83/30),1),"—") -> — | R83: =IFERROR(MAX(IFERROR(VALUE(E83),0),IFERROR(VALUE(H83),0),IFERROR(VALUE(K83),0),IFERROR(VALUE(N83),0),IFERROR(VALUE(Q83),0)),"—") -> 0
A84: Wrist flexor/extensor stretch | B84: 30 sec each | E84: =IF(AND(ISNUMBER(C84),ISNUMBER(D84)),ROUND(C84*(1+D84/30),1),"—") -> — | H84: =IF(AND(ISNUMBER(F84),ISNUMBER(G84)),ROUND(F84*(1+G84/30),1),"—") -> — | K84: =IF(AND(ISNUMBER(I84),ISNUMBER(J84)),ROUND(I84*(1+J84/30),1),"—") -> — | N84: =IF(AND(ISNUMBER(L84),ISNUMBER(M84)),ROUND(L84*(1+M84/30),1),"—") -> — | Q84: =IF(AND(ISNUMBER(O84),ISNUMBER(P84)),ROUND(O84*(1+P84/30),1),"—") -> — | R84: =IFERROR(MAX(IFERROR(VALUE(E84),0),IFERROR(VALUE(H84),0),IFERROR(VALUE(K84),0),IFERROR(VALUE(N84),0),IFERROR(VALUE(Q84),0)),"—") -> 0
A85: Thoracic spine foam roll / floor | B85: 60 sec | E85: =IF(AND(ISNUMBER(C85),ISNUMBER(D85)),ROUND(C85*(1+D85/30),1),"—") -> — | H85: =IF(AND(ISNUMBER(F85),ISNUMBER(G85)),ROUND(F85*(1+G85/30),1),"—") -> — | K85: =IF(AND(ISNUMBER(I85),ISNUMBER(J85)),ROUND(I85*(1+J85/30),1),"—") -> — | N85: =IF(AND(ISNUMBER(L85),ISNUMBER(M85)),ROUND(L85*(1+M85/30),1),"—") -> — | Q85: =IF(AND(ISNUMBER(O85),ISNUMBER(P85)),ROUND(O85*(1+P85/30),1),"—") -> — | R85: =IFERROR(MAX(IFERROR(VALUE(E85),0),IFERROR(VALUE(H85),0),IFERROR(VALUE(K85),0),IFERROR(VALUE(N85),0),IFERROR(VALUE(Q85),0)),"—") -> 0
A86: SESSION TOTAL SETS COMPLETED
A87: Progressive overload rule: If you complete ALL reps of ALL sets, INCREASE the weight by 1–2.5 kg next session.
A88: Date: | C88: Week #: | E88: Phase (1–4): | G88: Day (A or B): | H88: Friday | I88: Session #: | K88: Duration (min): | M88: Energy 1–10: | O88: Notes:
A89: Pull B | B89: Notes / Cues | C89: Set 1 Weight (kg) | D89: Set 1 Reps | E89: Set 1 1RM | F89: Set 2 Weight (kg) | G89: Set 2 Reps | H89: Set 2 1RM | I89: Set 3 Weight (kg) | J89: Set 3 Reps | K89: Set 3 1RM | L89: Set 4 Weight (kg) | M89: Set 4 Reps | N89: Set 4 1RM | O89: Set 5 Weight (kg) | P89: Set 5 Reps | Q89: Set 5 1RM | R89: Best 1RM Today | S89: Default Sets | T89: Default Reps
A90: Resistance band pull-aparts | B90: 3×15 reps | D90: 15 | E90: =IF(AND(ISNUMBER(C90),ISNUMBER(D90)),ROUND(C90*(1+D90/30),1),"—") -> — | H90: =IF(AND(ISNUMBER(F90),ISNUMBER(G90)),ROUND(F90*(1+G90/30),1),"—") -> — | K90: =IF(AND(ISNUMBER(I90),ISNUMBER(J90)),ROUND(I90*(1+J90/30),1),"—") -> — | N90: =IF(AND(ISNUMBER(L90),ISNUMBER(M90)),ROUND(L90*(1+M90/30),1),"—") -> — | Q90: =IF(AND(ISNUMBER(O90),ISNUMBER(P90)),ROUND(O90*(1+P90/30),1),"—") -> — | R90: =IFERROR(MAX(IFERROR(VALUE(E90),0),IFERROR(VALUE(H90),0),IFERROR(VALUE(K90),0),IFERROR(VALUE(N90),0),IFERROR(VALUE(Q90),0)),"—") -> 0
A91: Cat-cow thoracic rotation | B91: 2×10 reps | D91: 10 | E91: =IF(AND(ISNUMBER(C91),ISNUMBER(D91)),ROUND(C91*(1+D91/30),1),"—") -> — | H91: =IF(AND(ISNUMBER(F91),ISNUMBER(G91)),ROUND(F91*(1+G91/30),1),"—") -> — | K91: =IF(AND(ISNUMBER(I91),ISNUMBER(J91)),ROUND(I91*(1+J91/30),1),"—") -> — | N91: =IF(AND(ISNUMBER(L91),ISNUMBER(M91)),ROUND(L91*(1+M91/30),1),"—") -> — | Q91: =IF(AND(ISNUMBER(O91),ISNUMBER(P91)),ROUND(O91*(1+P91/30),1),"—") -> — | R91: =IFERROR(MAX(IFERROR(VALUE(E91),0),IFERROR(VALUE(H91),0),IFERROR(VALUE(K91),0),IFERROR(VALUE(N91),0),IFERROR(VALUE(Q91),0)),"—") -> 0
A92: Banded face pull | B92: 2×12 reps | E92: =IF(AND(ISNUMBER(C92),ISNUMBER(D92)),ROUND(C92*(1+D92/30),1),"—") -> — | H92: =IF(AND(ISNUMBER(F92),ISNUMBER(G92)),ROUND(F92*(1+G92/30),1),"—") -> — | K92: =IF(AND(ISNUMBER(I92),ISNUMBER(J92)),ROUND(I92*(1+J92/30),1),"—") -> — | N92: =IF(AND(ISNUMBER(L92),ISNUMBER(M92)),ROUND(L92*(1+M92/30),1),"—") -> — | Q92: =IF(AND(ISNUMBER(O92),ISNUMBER(P92)),ROUND(O92*(1+P92/30),1),"—") -> — | R92: =IFERROR(MAX(IFERROR(VALUE(E92),0),IFERROR(VALUE(H92),0),IFERROR(VALUE(K92),0),IFERROR(VALUE(N92),0),IFERROR(VALUE(Q92),0)),"—") -> 0
A93: Scapular pull-ups (just scaps) | B93: 2x8 reps | D93: 8 | E93: =IF(AND(ISNUMBER(C93),ISNUMBER(D93)),ROUND(C93*(1+D93/30),1),"—") -> — | H93: =IF(AND(ISNUMBER(F93),ISNUMBER(G93)),ROUND(F93*(1+G93/30),1),"—") -> — | K93: =IF(AND(ISNUMBER(I93),ISNUMBER(J93)),ROUND(I93*(1+J93/30),1),"—") -> — | N93: =IF(AND(ISNUMBER(L93),ISNUMBER(M93)),ROUND(L93*(1+M93/30),1),"—") -> — | Q93: =IF(AND(ISNUMBER(O93),ISNUMBER(P93)),ROUND(O93*(1+P93/30),1),"—") -> — | R93: =IFERROR(MAX(IFERROR(VALUE(E93),0),IFERROR(VALUE(H93),0),IFERROR(VALUE(K93),0),IFERROR(VALUE(N93),0),IFERROR(VALUE(Q93),0)),"—") -> 0
A94: Wide-grip pull-ups | B94: Widest grip comfortable. Creates V-taper back. | D94: 2 | E94: =IF(AND(ISNUMBER(C94),ISNUMBER(D94)),ROUND(C94*(1+D94/30),1),"—") -> — | G94: 2 | H94: =IF(AND(ISNUMBER(F94),ISNUMBER(G94)),ROUND(F94*(1+G94/30),1),"—") -> — | J94: 2 | K94: =IF(AND(ISNUMBER(I94),ISNUMBER(J94)),ROUND(I94*(1+J94/30),1),"—") -> — | N94: =IF(AND(ISNUMBER(L94),ISNUMBER(M94)),ROUND(L94*(1+M94/30),1),"—") -> — | Q94: =IF(AND(ISNUMBER(O94),ISNUMBER(P94)),ROUND(O94*(1+P94/30),1),"—") -> — | R94: =IFERROR(MAX(IFERROR(VALUE(E94),0),IFERROR(VALUE(H94),0),IFERROR(VALUE(K94),0),IFERROR(VALUE(N94),0),IFERROR(VALUE(Q94),0)),"—") -> 0 | S94: 3 | T94: Max
A95: Cable/pulley seated row | B95: Neutral grip. Retract scapula. Mid-back thickness. | E95: =IF(AND(ISNUMBER(C95),ISNUMBER(D95)),ROUND(C95*(1+D95/30),1),"—") -> — | H95: =IF(AND(ISNUMBER(F95),ISNUMBER(G95)),ROUND(F95*(1+G95/30),1),"—") -> — | K95: =IF(AND(ISNUMBER(I95),ISNUMBER(J95)),ROUND(I95*(1+J95/30),1),"—") -> — | N95: =IF(AND(ISNUMBER(L95),ISNUMBER(M95)),ROUND(L95*(1+M95/30),1),"—") -> — | Q95: =IF(AND(ISNUMBER(O95),ISNUMBER(P95)),ROUND(O95*(1+P95/30),1),"—") -> — | R95: =IFERROR(MAX(IFERROR(VALUE(E95),0),IFERROR(VALUE(H95),0),IFERROR(VALUE(K95),0),IFERROR(VALUE(N95),0),IFERROR(VALUE(Q95),0)),"—") -> 0 | S95: 3 | T95: 12
A96: Single-arm dumbbell row | B96: Knee on bench. Full ROM. Heavy is okay here. | C96: 10 | D96: 15 | E96: =IF(AND(ISNUMBER(C96),ISNUMBER(D96)),ROUND(C96*(1+D96/30),1),"—") -> 15 | F96: 10 | G96: 15 | H96: =IF(AND(ISNUMBER(F96),ISNUMBER(G96)),ROUND(F96*(1+G96/30),1),"—") -> 15 | I96: 10 | J96: 15 | K96: =IF(AND(ISNUMBER(I96),ISNUMBER(J96)),ROUND(I96*(1+J96/30),1),"—") -> 15 | N96: =IF(AND(ISNUMBER(L96),ISNUMBER(M96)),ROUND(L96*(1+M96/30),1),"—") -> — | Q96: =IF(AND(ISNUMBER(O96),ISNUMBER(P96)),ROUND(O96*(1+P96/30),1),"—") -> — | R96: =IFERROR(MAX(IFERROR(VALUE(E96),0),IFERROR(VALUE(H96),0),IFERROR(VALUE(K96),0),IFERROR(VALUE(N96),0),IFERROR(VALUE(Q96),0)),"—") -> 15 | S96: 3 | T96: 12
A97: Dumbbell shrug | B97: Traps for that athletic look. Hold at top 1 sec. | C97: 10 | D97: 15 | E97: =IF(AND(ISNUMBER(C97),ISNUMBER(D97)),ROUND(C97*(1+D97/30),1),"—") -> 15 | F97: 10 | G97: 15 | H97: =IF(AND(ISNUMBER(F97),ISNUMBER(G97)),ROUND(F97*(1+G97/30),1),"—") -> 15 | I97: 10 | J97: 15 | K97: =IF(AND(ISNUMBER(I97),ISNUMBER(J97)),ROUND(I97*(1+J97/30),1),"—") -> 15 | N97: =IF(AND(ISNUMBER(L97),ISNUMBER(M97)),ROUND(L97*(1+M97/30),1),"—") -> — | Q97: =IF(AND(ISNUMBER(O97),ISNUMBER(P97)),ROUND(O97*(1+P97/30),1),"—") -> — | R97: =IFERROR(MAX(IFERROR(VALUE(E97),0),IFERROR(VALUE(H97),0),IFERROR(VALUE(K97),0),IFERROR(VALUE(N97),0),IFERROR(VALUE(Q97),0)),"—") -> 15 | S97: 3 | T97: 12
A98: Resistance band pull-apart (supinated) | B98: Arm health, rear delt, external rotators. | E98: =IF(AND(ISNUMBER(C98),ISNUMBER(D98)),ROUND(C98*(1+D98/30),1),"—") -> — | H98: =IF(AND(ISNUMBER(F98),ISNUMBER(G98)),ROUND(F98*(1+G98/30),1),"—") -> — | K98: =IF(AND(ISNUMBER(I98),ISNUMBER(J98)),ROUND(I98*(1+J98/30),1),"—") -> — | N98: =IF(AND(ISNUMBER(L98),ISNUMBER(M98)),ROUND(L98*(1+M98/30),1),"—") -> — | Q98: =IF(AND(ISNUMBER(O98),ISNUMBER(P98)),ROUND(O98*(1+P98/30),1),"—") -> — | R98: =IFERROR(MAX(IFERROR(VALUE(E98),0),IFERROR(VALUE(H98),0),IFERROR(VALUE(K98),0),IFERROR(VALUE(N98),0),IFERROR(VALUE(Q98),0)),"—") -> 0 | S98: 3 | T98: 15
A99: Incline dumbbell curl | B99: On bench 60°. Long head bicep. Peak builder. | C99: 10 | D99: 6 | E99: =IF(AND(ISNUMBER(C99),ISNUMBER(D99)),ROUND(C99*(1+D99/30),1),"—") -> 12 | F99: 10 | G99: 4 | H99: =IF(AND(ISNUMBER(F99),ISNUMBER(G99)),ROUND(F99*(1+G99/30),1),"—") -> 11.3 | I99: 10 | J99: 3 | K99: =IF(AND(ISNUMBER(I99),ISNUMBER(J99)),ROUND(I99*(1+J99/30),1),"—") -> 11 | N99: =IF(AND(ISNUMBER(L99),ISNUMBER(M99)),ROUND(L99*(1+M99/30),1),"—") -> — | Q99: =IF(AND(ISNUMBER(O99),ISNUMBER(P99)),ROUND(O99*(1+P99/30),1),"—") -> — | R99: =IFERROR(MAX(IFERROR(VALUE(E99),0),IFERROR(VALUE(H99),0),IFERROR(VALUE(K99),0),IFERROR(VALUE(N99),0),IFERROR(VALUE(Q99),0)),"—") -> 12 | S99: 3 | T99: 15
A100: Concentration curl | B100: Elbow on inner thigh. Mind-muscle maximum. | C100: 10 | D100: 9 | E100: =IF(AND(ISNUMBER(C100),ISNUMBER(D100)),ROUND(C100*(1+D100/30),1),"—") -> 13 | F100: 10 | G100: 6 | H100: =IF(AND(ISNUMBER(F100),ISNUMBER(G100)),ROUND(F100*(1+G100/30),1),"—") -> 12 | I100: 10 | J100: 6 | K100: =IF(AND(ISNUMBER(I100),ISNUMBER(J100)),ROUND(I100*(1+J100/30),1),"—") -> 12 | N100: =IF(AND(ISNUMBER(L100),ISNUMBER(M100)),ROUND(L100*(1+M100/30),1),"—") -> — | Q100: =IF(AND(ISNUMBER(O100),ISNUMBER(P100)),ROUND(O100*(1+P100/30),1),"—") -> — | R100: =IFERROR(MAX(IFERROR(VALUE(E100),0),IFERROR(VALUE(H100),0),IFERROR(VALUE(K100),0),IFERROR(VALUE(N100),0),IFERROR(VALUE(Q100),0)),"—") -> 13
A101: Dumbell Shoulder PullUps | B101: Pull dumbell till face height | C101: 10 | D101: 10 | F101: 10 | G101: 10 | I101: 10 | J101: 10 | L101: 10 | M101: 10
A102: Lat stretch in doorway | B102: 30 sec each | E102: =IF(AND(ISNUMBER(C102),ISNUMBER(D102)),ROUND(C102*(1+D102/30),1),"—") -> — | H102: =IF(AND(ISNUMBER(F102),ISNUMBER(G102)),ROUND(F102*(1+G102/30),1),"—") -> — | K102: =IF(AND(ISNUMBER(I102),ISNUMBER(J102)),ROUND(I102*(1+J102/30),1),"—") -> — | N102: =IF(AND(ISNUMBER(L102),ISNUMBER(M102)),ROUND(L102*(1+M102/30),1),"—") -> — | Q102: =IF(AND(ISNUMBER(O102),ISNUMBER(P102)),ROUND(O102*(1+P102/30),1),"—") -> — | R102: =IFERROR(MAX(IFERROR(VALUE(E102),0),IFERROR(VALUE(H102),0),IFERROR(VALUE(K102),0),IFERROR(VALUE(N102),0),IFERROR(VALUE(Q102),0)),"—") -> 0
...

Sheet Strength Progress
A1: 📈 Strength Progress — 1RM Tracker
A2: Best estimated 1RM per exercise per session. Add a new column each time you train.
A4: Exercise | B4: Session 1 | C4: Session 2 | D4: Session 3 | E4: Session 4 | F4: Session 5 | G4: Session 6 | H4: Session 7 | I4: Session 8 | J4: Session 9 | K4: Session 10 | L4: Session 11 | M4: Session 12 | N4: Session 13 | O4: Session 14 | P4: Session 15 | Q4: Session 16 | R4: Session 17 | S4: Session 18 | T4: Session 19 | U4: Session 20 | V4: Session 21 | W4: Session 22 | X4: Session 23 | Y4: Session 24
A5: Dumbbell flat bench press | B5: ='Exercise Plan'!R9 -> 12.5 | C5: =IFERROR((OFFSET('Exercise Plan'!R9,(COLUMN()-2)*40,0)-OFFSET('Exercise Plan'!R9,(COLUMN()-3)*40,0))/OFFSET('Exercise Plan'!R9,(COLUMN()-3)*40,0)+1,"N/A") -> N/A | D5: =IFERROR((OFFSET('Exercise Plan'!R9,(COLUMN()-2)*40,0)-OFFSET('Exercise Plan'!R9,(COLUMN()-3)*40,0))/OFFSET('Exercise Plan'!R9,(COLUMN()-3)*40,0)+1,"N/A") -> N/A
A6: Dumbbell incline press | B6: ='Exercise Plan'!R10 -> 12.5 | C6: =IFERROR((OFFSET('Exercise Plan'!R10,(COLUMN()-2)*40,0)-OFFSET('Exercise Plan'!R10,(COLUMN()-3)*40,0))/OFFSET('Exercise Plan'!R10,(COLUMN()-3)*40,0)+1,"N/A") -> 0 | D6: =IFERROR((OFFSET('Exercise Plan'!R10,(COLUMN()-2)*40,0)-OFFSET('Exercise Plan'!R10,(COLUMN()-3)*40,0))/OFFSET('Exercise Plan'!R10,(COLUMN()-3)*40,0)+1,"N/A") -> N/A
A7: Dumbbell lateral raise | B7: ='Exercise Plan'!R11 -> 10 | C7: =IFERROR((OFFSET('Exercise Plan'!R11,(COLUMN()-2)*40,0)-OFFSET('Exercise Plan'!R11,(COLUMN()-3)*40,0))/OFFSET('Exercise Plan'!R11,(COLUMN()-3)*40,0)+1,"N/A") -> 0 | D7: =IFERROR((OFFSET('Exercise Plan'!R11,(COLUMN()-2)*40,0)-OFFSET('Exercise Plan'!R11,(COLUMN()-3)*40,0))/OFFSET('Exercise Plan'!R11,(COLUMN()-3)*40,0)+1,"N/A") -> N/A
A8: Standing dumbbell OHP | B8: ='Exercise Plan'!R12 -> 18.5 | C8: =IFERROR((OFFSET('Exercise Plan'!R12,(COLUMN()-2)*40,0)-OFFSET('Exercise Plan'!R12,(COLUMN()-3)*40,0))/OFFSET('Exercise Plan'!R12,(COLUMN()-3)*40,0)+1,"N/A") -> 0 | D8: =IFERROR((OFFSET('Exercise Plan'!R12,(COLUMN()-2)*40,0)-OFFSET('Exercise Plan'!R12,(COLUMN()-3)*40,0))/OFFSET('Exercise Plan'!R12,(COLUMN()-3)*40,0)+1,"N/A") -> N/A
A9: Cable/Band Chest Fly | B9: ='Exercise Plan'!R13 -> 23.5 | C9: =IFERROR((OFFSET('Exercise Plan'!R13,(COLUMN()-2)*40,0)-OFFSET('Exercise Plan'!R13,(COLUMN()-3)*40,0))/OFFSET('Exercise Plan'!R13,(COLUMN()-3)*40,0)+1,"N/A") -> 0 | D9: =IFERROR((OFFSET('Exercise Plan'!R13,(COLUMN()-2)*40,0)-OFFSET('Exercise Plan'!R13,(COLUMN()-3)*40,0))/OFFSET('Exercise Plan'!R13,(COLUMN()-3)*40,0)+1,"N/A") -> N/A
A10: Tricep Cable/Band Pushdown | B10: ='Exercise Plan'!R14 -> 21 | C10: =IFERROR((OFFSET('Exercise Plan'!R14,(COLUMN()-2)*40,0)-OFFSET('Exercise Plan'!R14,(COLUMN()-3)*40,0))/OFFSET('Exercise Plan'!R14,(COLUMN()-3)*40,0)+1,"N/A") -> 0 | D10: =IFERROR((OFFSET('Exercise Plan'!R14,(COLUMN()-2)*40,0)-OFFSET('Exercise Plan'!R14,(COLUMN()-3)*40,0))/OFFSET('Exercise Plan'!R14,(COLUMN()-3)*40,0)+1,"N/A") -> N/A
A11: Overhead DB Tricep Extension | B11: ='Exercise Plan'!R15 -> 11 | C11: =IFERROR((OFFSET('Exercise Plan'!R15,(COLUMN()-2)*40,0)-OFFSET('Exercise Plan'!R15,(COLUMN()-3)*40,0))/OFFSET('Exercise Plan'!R15,(COLUMN()-3)*40,0)+1,"N/A") -> 0 | D11: =IFERROR((OFFSET('Exercise Plan'!R15,(COLUMN()-2)*40,0)-OFFSET('Exercise Plan'!R15,(COLUMN()-3)*40,0))/OFFSET('Exercise Plan'!R15,(COLUMN()-3)*40,0)+1,"N/A") -> N/A
A12: Dumbbell Arnold Press | B12: ='Exercise Plan'!R75 -> 13 | C12: =IFERROR((OFFSET('Exercise Plan'!R75,(COLUMN()-2)*40,0)-OFFSET('Exercise Plan'!R75,(COLUMN()-3)*40,0))/OFFSET('Exercise Plan'!R75,(COLUMN()-3)*40,0)+1,"N/A") -> 0 | D12: =IFERROR((OFFSET('Exercise Plan'!R16,(COLUMN()-2)*40,0)-OFFSET('Exercise Plan'!R16,(COLUMN()-3)*40,0))/OFFSET('Exercise Plan'!R16,(COLUMN()-3)*40,0)+1,"N/A") -> N/A
A13: Dumbbell front raise | B13: ='Exercise Plan'!R76 -> 12.7 | C13: =IFERROR((OFFSET('Exercise Plan'!R76,(COLUMN()-2)*40,0)-OFFSET('Exercise Plan'!R76,(COLUMN()-3)*40,0))/OFFSET('Exercise Plan'!R76,(COLUMN()-3)*40,0)+1,"N/A") -> 0 | D13: =IFERROR((OFFSET('Exercise Plan'!R17,(COLUMN()-2)*40,0)-OFFSET('Exercise Plan'!R17,(COLUMN()-3)*40,0))/OFFSET('Exercise Plan'!R17,(COLUMN()-3)*40,0)+1,"N/A") -> N/A
A14: Dumbbell Lateral Raise (drop set) | B14: ='Exercise Plan'!R77 -> 9.3 | C14: =IFERROR((OFFSET('Exercise Plan'!R77,(COLUMN()-2)*40,0)-OFFSET('Exercise Plan'!R77,(COLUMN()-3)*40,0))/OFFSET('Exercise Plan'!R77,(COLUMN()-3)*40,0)+1,"N/A") -> 0 | D14: =IFERROR((OFFSET('Exercise Plan'!R18,(COLUMN()-2)*40,0)-OFFSET('Exercise Plan'!R18,(COLUMN()-3)*40,0))/OFFSET('Exercise Plan'!R18,(COLUMN()-3)*40,0)+1,"N/A") -> N/A
A15: Push-ups (feet elevated) | B15: ='Exercise Plan'!R78 -> 0 | C15: =IFERROR((OFFSET('Exercise Plan'!R78,(COLUMN()-2)*40,0)-OFFSET('Exercise Plan'!R78,(COLUMN()-3)*40,0))/OFFSET('Exercise Plan'!R78,(COLUMN()-3)*40,0)+1,"N/A") -> N/A | D15: =IFERROR((OFFSET('Exercise Plan'!R19,(COLUMN()-2)*40,0)-OFFSET('Exercise Plan'!R19,(COLUMN()-3)*40,0))/OFFSET('Exercise Plan'!R19,(COLUMN()-3)*40,0)+1,"N/A") -> N/A
A16: Dumbbell decline press | B16: ='Exercise Plan'!R79 -> 16.7 | C16: =IFERROR((OFFSET('Exercise Plan'!R79,(COLUMN()-2)*40,0)-OFFSET('Exercise Plan'!R79,(COLUMN()-3)*40,0))/OFFSET('Exercise Plan'!R79,(COLUMN()-3)*40,0)+1,"N/A") -> 0 | D16: =IFERROR((OFFSET('Exercise Plan'!R20,(COLUMN()-2)*40,0)-OFFSET('Exercise Plan'!R20,(COLUMN()-3)*40,0))/OFFSET('Exercise Plan'!R20,(COLUMN()-3)*40,0)+1,"N/A") -> N/A
A17: Cable/Band overhead tricep | B17: ='Exercise Plan'!R80 -> 20 | C17: =IFERROR((OFFSET('Exercise Plan'!R80,(COLUMN()-2)*40,0)-OFFSET('Exercise Plan'!R80,(COLUMN()-3)*40,0))/OFFSET('Exercise Plan'!R80,(COLUMN()-3)*40,0)+1,"N/A") -> 0 | D17: =IFERROR((OFFSET('Exercise Plan'!R21,(COLUMN()-2)*40,0)-OFFSET('Exercise Plan'!R21,(COLUMN()-3)*40,0))/OFFSET('Exercise Plan'!R21,(COLUMN()-3)*40,0)+1,"N/A") -> N/A
A18: Diamond push-ups | B18: ='Exercise Plan'!R81 -> 0 | C18: =IFERROR((OFFSET('Exercise Plan'!R81,(COLUMN()-2)*40,0)-OFFSET('Exercise Plan'!R81,(COLUMN()-3)*40,0))/OFFSET('Exercise Plan'!R81,(COLUMN()-3)*40,0)+1,"N/A") -> N/A
A19: Pull-ups / assisted pull-ups (wide Grip) | B19: =#REF! -> #REF! | C19: =IFERROR(((OFFSET(#REF!,40,0)-#REF!)/#REF!)+1,"N/A") -> N/A
A20: Dumbbell Bent-Over Row | B20: =#REF! -> #REF! | C20: =IFERROR(((OFFSET(#REF!,40,0)-#REF!)/#REF!)+1,"N/A") -> N/A
A21: Cable/Pulley Lat Pulldown | B21: =#REF! -> #REF! | C21: =IFERROR(((OFFSET(#REF!,40,0)-#REF!)/#REF!)+1,"N/A") -> N/A
A22: Dumbbell Reverse Fly | B22: =#REF! -> #REF! | C22: =IFERROR(((OFFSET(#REF!,40,0)-#REF!)/#REF!)+1,"N/A") -> N/A
A23: Dumbbell Face Pull (bent over) | B23: =#REF! -> #REF! | C23: =IFERROR(((OFFSET(#REF!,40,0)-#REF!)/#REF!)+1,"N/A") -> N/A
A24: Dumbbell Hammer Curl | B24: =#REF! -> #REF! | C24: =IFERROR(((OFFSET(#REF!,40,0)-#REF!)/#REF!)+1,"N/A") -> N/A
A25: Barbell-style curl (DB) | B25: =#REF! -> #REF! | C25: =IFERROR(((OFFSET(#REF!,40,0)-#REF!)/#REF!)+1,"N/A") -> N/A
A26: Wide-grip pull-ups | B26: =#REF! -> #REF! | C26: =IFERROR(((OFFSET(#REF!,40,0)-#REF!)/#REF!)+1,"N/A") -> N/A
A27: Cable/pulley seated row | B27: =#REF! -> #REF! | C27: =IFERROR(((OFFSET(#REF!,40,0)-#REF!)/#REF!)+1,"N/A") -> N/A
A28: Single-arm dumbbell row | B28: =#REF! -> #REF! | C28: =IFERROR(((OFFSET(#REF!,40,0)-#REF!)/#REF!)+1,"N/A") -> N/A
A29: Dumbbell shrug | B29: =#REF! -> #REF! | C29: =IFERROR(((OFFSET(#REF!,40,0)-#REF!)/#REF!)+1,"N/A") -> N/A
A30: Resistance band pull-apart (supinated) | B30: =#REF! -> #REF! | C30: =IFERROR(((OFFSET(#REF!,40,0)-#REF!)/#REF!)+1,"N/A") -> N/A
A31: Incline dumbbell curl | B31: =#REF! -> #REF! | C31: =IFERROR(((OFFSET(#REF!,40,0)-#REF!)/#REF!)+1,"N/A") -> N/A
A32: Concentration curl | B32: =#REF! -> #REF! | C32: =IFERROR(((OFFSET('Exercise Plan'!R81,40,0)-'Exercise Plan'!R81)/'Exercise Plan'!R81)+1,"N/A") -> N/A
A33: Dumbbell Goblet Squat | B33: =#REF! -> #REF! | C33: =IFERROR(((OFFSET(#REF!,40,0)-#REF!)/#REF!)+1,"N/A") -> N/A
A34: Dumbbell Romanian Deadlift | B34: =#REF! -> #REF! | C34: =IFERROR(((OFFSET(#REF!,40,0)-#REF!)/#REF!)+1,"N/A") -> N/A
A35: Dumbbell Reverse Lunge | B35: =#REF! -> #REF! | C35: =IFERROR(((OFFSET(#REF!,40,0)-#REF!)/#REF!)+1,"N/A") -> N/A
A36: Resistance Band Squat | B36: =#REF! -> #REF! | C36: =IFERROR(((OFFSET(#REF!,40,0)-#REF!)/#REF!)+1,"N/A") -> N/A
A37: Dumbbell Sumo Squat | B37: =#REF! -> #REF! | C37: =IFERROR(((OFFSET(#REF!,40,0)-#REF!)/#REF!)+1,"N/A") -> N/A
A38: Ab Wheel Rollout | B38: =#REF! -> #REF! | C38: =IFERROR(((OFFSET(#REF!,40,0)-#REF!)/#REF!)+1,"N/A") -> N/A
A39: Hanging Knee Raises (Pull-up Bar) | B39: =#REF! -> #REF! | C39: =IFERROR(((OFFSET(#REF!,40,0)-#REF!)/#REF!)+1,"N/A") -> N/A
A40: Plank Variations | B40: =#REF! -> #REF! | C40: =IFERROR(((OFFSET(#REF!,40,0)-#REF!)/#REF!)+1,"N/A") -> N/A
A41: Dumbbell Stiff-Leg Deadlift | B41: =#REF! -> #REF! | C41: =IFERROR(((OFFSET(#REF!,40,0)-#REF!)/#REF!)+1,"N/A") -> N/A
A42: Dumbbell Hip Thrust (Bench) | B42: =#REF! -> #REF! | C42: =IFERROR(((OFFSET(#REF!,40,0)-#REF!)/#REF!)+1,"N/A") -> N/A
A43: Bulgarian Split Squat (DB) | B43: =#REF! -> #REF! | C43: =IFERROR(((OFFSET(#REF!,40,0)-#REF!)/#REF!)+1,"N/A") -> N/A
A44: Resistance Band Glute Kickback | B44: =#REF! -> #REF! | C44: =IFERROR(((OFFSET(#REF!,40,0)-#REF!)/#REF!)+1,"N/A") -> N/A
... A48: Leg Raise (Hanging or Floor) | B48: =#REF! -> #REF! | C48: =IFERROR(((OFFSET(#REF!,40,0)-#REF!)/#REF!)+1,"N/A") -> N/A
